compound,auid,aurl,spacegroup_relax,Pearson_symbol_relax,species,spinD,Egap,agl_thermal_expansion_300K,agl_debye,enthalpy_formation_atom,natoms,volume_cell,ael_bulk_modulus_vrh,ael_poisson_ratio,ael_shear_modulus_vrh,ael_youngs_modulus_vrh,agl_thermal_conductivity_300K
Ag1C1,aflow:1f38ccafe2d28fa6,aflowlib.duke.edu:AFLOWDATA/LIB2_WEB/AgC/4,225,cF8,"['Ag', 'C']","[0, 0]",,,,2.23388,2,25.4245,,,,,
Ag1C1,aflow:251a1bdcc246b844,aflowlib.duke.edu:AFLOWDATA/LIB2_WEB/AgC/201,225,cF8,"['Ag', 'C']","[0, 0]",,,,2.23382,2,25.4359,,,,,
Ag1C1,aflow:2c84cd06c8faa827,aflowlib.duke.edu:AFLOWDATA/LIB2_WEB/AgC/720.BA,225,cF8,"['Ag', 'C']","[0, 0]",,,,2.23382,2,25.4359,,,,,
Ag1C1,aflow:4d0e5a73b8a361cf,aflowlib.duke.edu:AFLOWDATA/LIB2_WEB/AgC/720.AB,225,cF8,"['Ag', 'C']","[0, 0]",,,,2.23382,2,25.4359,,,,,
Ag1C1,aflow:7726f25d86a7ac89,aflowlib.duke.edu:AFLOWDATA/ICSD_WEB/FCC/Ag1C1_ICSD_183175,225,cF8,"['Ag', 'C']","[0, 0]",0.0,7.87e-05,181.934,,2,25.5675,114.983,0.445519,13.0009,37.5862,0.868197
Ag1C1,aflow:888eb1ac47489d36,aflowlib.duke.edu:AFLOWDATA/LIB2_WEB/AgC/ICSD_183175.AB,225,cF8,"['Ag', 'C']","[0, 0]",,,,2.23382,2,25.4359,,,,,
Ag2C2,aflow:a4097eddcd5df0cd,aflowlib.duke.edu:AFLOWDATA/LIB2_WEB/AgC/119,225,cF8,"['Ag', 'C']","[0, 0, 0, 0]",,,,2.2328,4,50.8038,,,,,
Al1C1,aflow:17d0dd54d67209e7,aflowlib.duke.edu:AFLOWDATA/LIB2_WEB/AlC/720.BA,225,cF8,"['Al', 'C']","[0, 0]",,,,0.485762,2,19.4472,,,,,
Al1C1,aflow:70a426f52fcb6273,aflowlib.duke.edu:AFLOWDATA/LIB2_WEB/AlC/201,225,cF8,"['Al', 'C']","[0, 0]",,,,0.485762,2,19.4472,,,,,
Al1C1,aflow:9ffee3ad9994f9a1,aflowlib.duke.edu:AFLOWDATA/LIB2_WEB/AlC/720.AB,225,cF8,"['Al', 'C']","[0, 0]",,,,0.485762,2,19.4472,,,,,
Al2C2,aflow:02f185763b366132,aflowlib.duke.edu:AFLOWDATA/LIB2_WEB/AlC/448,225,cF8,"['Al', 'C']","[0, 0, 0, 0]",,,,0.485121,4,38.8982,,,,,
Al2C2,aflow:0750c9fde300c7b9,aflowlib.duke.edu:AFLOWDATA/LIB2_WEB/AlC/447,225,cF8,"['Al', 'C']","[0, 0, 0, 0]",,,,0.485111,4,38.8967,,,,,
Al2C2,aflow:38b1d2816a63fcda,aflowlib.duke.edu:AFLOWDATA/LIB2_WEB/AlC/20,225,cF8,"['Al', 'C']","[0, 0, 0, 0]",,,,0.484823,4,38.9048,,,,,
Al2C2,aflow:40b23ce4632d808d,aflowlib.duke.edu:AFLOWDATA/LIB2_WEB/AlC/77,225,cF8,"['Al', 'C']","[0, 0, 0, 0]",,,,0.484856,4,38.9021,,,,,
Al2C2,aflow:9a89d4ce35fc0bb6,aflowlib.duke.edu:AFLOWDATA/LIB2_WEB/AlC/14,225,cF8,"['Al', 'C']","[0, 0, 0, 0]",,,,0.486812,4,38.9135,,,,,
Al3C3,aflow:799ac2f79febb96b,aflowlib.duke.edu:AFLOWDATA/LIB2_WEB/AlC/136,225,cF8,"['Al', 'C']","[0, 0, 0, 0, 0, 0]",,,,0.486453,6,58.3331,,,,,
Al4C4,aflow:ba55928a41c867c4,aflowlib.duke.edu:AFLOWDATA/LIB2_WEB/AlC/256,225,cF8,"['Al', 'C']","[0, 0, 0, 0, 0, 0, 0, 0]",,,,0.485878,8,77.8084,,,,,
As1C1,aflow:107b112353b58826,aflowlib.duke.edu:AFLOWDATA/LIB2_WEB/AsC/201,225,cF8,"['As', 'C']","[0, 0]",,,,1.48206,2,22.4802,,,,,
As1C1,aflow:5aa863a7336768eb,aflowlib.duke.edu:AFLOWDATA/LIB2_WEB/AsC/720.BA,225,cF8,"['As', 'C']","[0, 0]",,,,1.48206,2,22.4802,,,,,
As1C1,aflow:6bfd38d61c81dd9f,aflowlib.duke.edu:AFLOWDATA/LIB2_WEB/AsC/4,225,cF8,"['As', 'C']","[0, 0]",,,,1.48208,2,22.4782,,,,,
As1C1,aflow:a45a88c13a026cbd,aflowlib.duke.edu:AFLOWDATA/LIB2_WEB/AsC/720.AB,225,cF8,"['As', 'C']","[0, 0]",,,,1.48206,2,22.4802,,,,,
Au1C1,aflow:2935fed31328dbd3,aflowlib.duke.edu:AFLOWDATA/LIB2_WEB/AuC/4,225,cF8,"['Au', 'C']","[0, 0]",,,,2.08801,2,25.4909,,,,,
Au1C1,aflow:4145230b5201b8ee,aflowlib.duke.edu:AFLOWDATA/LIB2_WEB/AuC/720.BA,225,cF8,"['Au', 'C']","[0, 0]",,,,2.08796,2,25.4985,,,,,
Au1C1,aflow:42601f5bda87f016,aflowlib.duke.edu:AFLOWDATA/LIB2_WEB/AuC/720.AB,225,cF8,"['Au', 'C']","[0, 0]",,,,2.08796,2,25.4985,,,,,
Au1C1,aflow:923806b166275351,aflowlib.duke.edu:AFLOWDATA/LIB2_WEB/AuC/201,225,cF8,"['Au', 'C']","[0, 0]",,,,2.08796,2,25.4985,,,,,
Au2C2,aflow:d07066fcb4ab123e,aflowlib.duke.edu:AFLOWDATA/LIB2_WEB/AuC/447,225,cF8,"['Au', 'C']","[0, 0, 0, 0]",,,,2.08451,4,50.962,,,,,
B1C1,aflow:2871c0a4d75aff0b,aflowlib.duke.edu:AFLOWDATA/LIB2_WEB/B_hC/720.AB,225,cF8,"['B', 'C']","[0, 0]",,,,1.41832,2,11.6,,,,,
B1C1,aflow:c912c0d573c0ae57,aflowlib.duke.edu:AFLOWDATA/LIB2_WEB/B_hC/720.BA,225,cF8,"['B', 'C']","[0, 0]",,,,1.41832,2,11.6,,,,,
B1C1,aflow:cf93a9ede3ab39eb,aflowlib.duke.edu:AFLOWDATA/LIB2_WEB/B_hC/201,225,cF8,"['B', 'C']","[0, 0]",,,,1.41832,2,11.6,,,,,
B2C2,aflow:09c6a42684d071af,aflowlib.duke.edu:AFLOWDATA/LIB2_WEB/B_hC/119,225,cF8,"['B', 'C']","[0, 0, 0, 0]",,,,1.42094,4,23.181,,,,,
B2C2,aflow:be39bd0baf275064,aflowlib.duke.edu:AFLOWDATA/LIB2_WEB/B_hC/448,225,cF8,"['B', 'C']","[0, 0, 0, 0]",,,,1.42118,4,23.198,,,,,
Ba1C1,aflow:3d7c87186585bd5c,aflowlib.duke.edu:AFLOWDATA/LIB2_WEB/Ba_svC/720.BA,225,cF8,"['Ba', 'C']","[0.149, 0.806]",,,,1.39193,2,54.5947,,,,,
Ba1C1,aflow:425d69d2ed19802d,aflowlib.duke.edu:AFLOWDATA/LIB2_WEB/Ba_svC/720.AB,225,cF8,"['Ba', 'C']","[0.149, 0.806]",,,,1.39193,2,54.5947,,,,,
Ba1C1,aflow:5e62b59a121befe4,aflowlib.duke.edu:AFLOWDATA/LIB2_WEB/Ba_svC/201,225,cF8,"['Ba', 'C']","[0.149, 0.806]",,,,1.39193,2,54.5947,,,,,
Ba1C1,aflow:f6641b23cd252f2e,aflowlib.duke.edu:AFLOWDATA/LIB2_WEB/Ba_svC/4,225,cF8,"['Ba', 'C']","[0.149, 0.806]",,,,1.39222,2,54.5989,,,,,
Ba2C2,aflow:339b48bcb114c4c0,aflowlib.duke.edu:AFLOWDATA/LIB2_WEB/Ba_svC/197,225,cF8,"['Ba', 'C']","[0.149, 0.149, 0.807, 0.807]",,,,1.39226,4,109.126,,,,,
Ba2C2,aflow:85033a12ea331bec,aflowlib.duke.edu:AFLOWDATA/LIB2_WEB/Ba_svC/77,225,cF8,"['Ba', 'C']","[0.149, 0.149, 0.807, 0.807]",,,,1.39227,4,109.218,,,,,
Ba2C2,aflow:9b66ac6561cbafb8,aflowlib.duke.edu:AFLOWDATA/LIB2_WEB/Ba_svC/71,225,cF8,"['Ba', 'C']","[0.149, 0.149, 0.807, 0.807]",,,,1.39205,4,109.113,,,,,
Ba2C2,aflow:bb7ea2f28dc46ade,aflowlib.duke.edu:AFLOWDATA/LIB2_WEB/Ba_svC/14,225,cF8,"['Ba', 'C']","[0.149, 0.149, 0.806, 0.806]",,,,1.39229,4,109.126,,,,,
Be1C1,aflow:9ea4d5b3ab249d3b,aflowlib.duke.edu:AFLOWDATA/LIB2_WEB/Be_svC/201,225,cF8,"['Be', 'C']","[0, 0]",,,,1.30177,2,14.464,,,,,
Be1C1,aflow:cb1a759c8e8866ad,aflowlib.duke.edu:AFLOWDATA/LIB2_WEB/Be_svC/720.AB,225,cF8,"['Be', 'C']","[0, 0]",,,,1.30177,2,14.464,,,,,
Be1C1,aflow:f537e74e65be3a0e,aflowlib.duke.edu:AFLOWDATA/LIB2_WEB/Be_svC/720.BA,225,cF8,"['Be', 'C']","[0, 0]",,,,1.30177,2,14.464,,,,,
Bi1C1,aflow:06e34f9330c842de,aflowlib.duke.edu:AFLOWDATA/LIB2_WEB/Bi_dC/720.AB,225,cF8,"['Bi', 'C']","[0, 0]",,,,1.68052,2,33.9123,,,,,
Bi1C1,aflow:0870c4a5c0c5d8b2,aflowlib.duke.edu:AFLOWDATA/LIB2_WEB/Bi_dC/201,225,cF8,"['Bi', 'C']","[0, 0]",,,,1.68052,2,33.9123,,,,,
Bi1C1,aflow:2e7ee3cdb53de5d3,aflowlib.duke.edu:AFLOWDATA/LIB2_WEB/Bi_dC/720.BA,225,cF8,"['Bi', 'C']","[0, 0]",,,,1.68052,2,33.9122,,,,,
Bi1C1,aflow:8063e48d83f0808d,aflowlib.duke.edu:AFLOWDATA/LIB2_WEB/Bi_dC/4,225,cF8,"['Bi', 'C']","[0, 0]",,,,1.68054,2,33.9079,,,,,
Bi2C2,aflow:4442afe00999a053,aflowlib.duke.edu:AFLOWDATA/LIB2_WEB/Bi_dC/119,225,cF8,"['Bi', 'C']","[0, 0, 0, 0]",,,,1.68055,4,67.8295,,,,,
Br1C1,aflow:1681afafa482cb4f,aflowlib.duke.edu:AFLOWDATA/LIB2_WEB/BrC/720.AB,225,cF8,"['Br', 'C']","[0, 0]",,,,2.63074,2,30.4644,,,,,
Br1C1,aflow:48c2acae4461a530,aflowlib.duke.edu:AFLOWDATA/LIB2_WEB/BrC/201,225,cF8,"['Br', 'C']","[0, 0]",,,,2.63074,2,30.4644,,,,,
Br1C1,aflow:5f47e633fdd062e5,aflowlib.duke.edu:AFLOWDATA/LIB2_WEB/BrC/720.BA,225,cF8,"['Br', 'C']","[0, 0]",,,,2.63074,2,30.4644,,,,,
Br1C1,aflow:f9ba843bac27981f,aflowlib.duke.edu:AFLOWDATA/LIB2_WEB/BrC/4,225,cF8,"['Br', 'C']","[0, 0]",,,,2.63076,2,30.4638,,,,,
C1Ca1,aflow:bec04eacd36fbed0,aflowlib.duke.edu:AFLOWDATA/LIB2_WEB/CCa_sv/720.BA,225,cF8,"['C', 'Ca']","[0.815, 0.135]",,,,1.13057,2,36.9423,,,,,
C1Ca1,aflow:d4f8ec7c54ac73bf,aflowlib.duke.edu:AFLOWDATA/LIB2_WEB/CCa_sv/201,225,cF8,"['C', 'Ca']","[0.815, 0.135]",,,,1.13057,2,36.9418,,,,,
C1Ca1,aflow:de74d3a0085bdf79,aflowlib.duke.edu:AFLOWDATA/LIB2_WEB/CCa_sv/4,225,cF8,"['C', 'Ca']","[0.815, 0.135]",,,,1.13102,2,36.9095,,,,,
C1Ca1,aflow:e405c0ccdd255754,aflowlib.duke.edu:AFLOWDATA/LIB2_WEB/CCa_sv/720.AB,225,cF8,"['C', 'Ca']","[0.815, 0.135]",,,,1.13057,2,36.9418,,,,,
C1Cd1,aflow:228515a5e5c206a8,aflowlib.duke.edu:AFLOWDATA/ICSD_WEB/FCC/C1Cd1_ICSD_183177,225,cF8,"['C', 'Cd']","[0, 0]",0.0,7.05804e-05,254.052,,2,28.6,100.944,0.384193,25.3362,70.1405,2.96884
C1Cd1,aflow:5c11d3fe338ee4d9,aflowlib.duke.edu:AFLOWDATA/LIB2_WEB/CCd/201,225,cF8,"['C', 'Cd']","[0, 0]",,,,1.97771,2,28.5737,,,,,
C1Cd1,aflow:7ba2f6b4713017d4,aflowlib.duke.edu:AFLOWDATA/LIB2_WEB/CCd/720.BA,225,cF8,"['C', 'Cd']","[0, 0]",,,,1.97771,2,28.5737,,,,,
C1Cd1,aflow:b86d586a4d8c7933,aflowlib.duke.edu:AFLOWDATA/LIB2_WEB/CCd/720.AB,225,cF8,"['C', 'Cd']","[0, 0]",,,,1.97771,2,28.5737,,,,,
C1Cd1,aflow:d49918f57adc69db,aflowlib.duke.edu:AFLOWDATA/LIB2_WEB/CCd/4,225,cF8,"['C', 'Cd']","[0, 0]",,,,1.97775,2,28.5758,,,,,
C1Ce1,aflow:04ca355af458d4a6,aflowlib.duke.edu:AFLOWDATA/ICSD_WEB/FCC/C1Ce1_ICSD_617324,225,cF8,"['C', 'Ce']","[0, 0]",0.0,2.86091e-05,416.023,,2,34.9546,130.533,0.264698,72.8587,184.289,28.801
C1Ce1,aflow:8c6f386723161234,aflowlib.duke.edu:AFLOWDATA/ICSD_WEB/FCC/C1Ce1_ICSD_76769,225,cF8,"['C', 'Ce']","[0, 0]",0.0,,,,2,34.9728,,,,,
C1Co1,aflow:1dd7181652ef69b2,aflowlib.duke.edu:AFLOWDATA/LIB2_WEB/CCo/201,225,cF8,"['C', 'Co']","[0.026, 0.274]",,,,0.819653,2,16.1057,,,,,
C1Co1,aflow:1f70e72def8afb2f,aflowlib.duke.edu:AFLOWDATA/LIB2_WEB/CCo/720.AB,225,cF8,"['C', 'Co']","[0.026, 0.274]",,,,0.819653,2,16.1057,,,,,
C1Co1,aflow:d63b49bad3700680,aflowlib.duke.edu:AFLOWDATA/LIB2_WEB/CCo/4,225,cF8,"['C', 'Co']","[0.026, 0.274]",,,,0.819668,2,16.1085,,,,,
C1Co1,aflow:ffb09b43141f024b,aflowlib.duke.edu:AFLOWDATA/LIB2_WEB/CCo/720.BA,225,cF8,"['C', 'Co']","[0.026, 0.274]",,,,0.819653,2,16.1057,,,,,
C1Cr1,aflow:0966002967d38874,aflowlib.duke.edu:AFLOWDATA/LIB2_WEB/CCr_pv/720.AB,225,cF8,"['C', 'Cr']","[0, -0.002]",,,,0.173295,2,16.8723,,,,,
C1Cr1,aflow:22440a101d4cd4d9,aflowlib.duke.edu:AFLOWDATA/LIB2_WEB/CCr_pv/4,225,cF8,"['C', 'Cr']","[0, 0]",,,,0.173466,2,16.869,,,,,
C1Cr1,aflow:48383caf30281ea0,aflowlib.duke.edu:AFLOWDATA/LIB2_WEB/CCr_pv/ICSD_57008.AB,225,cF8,"['C', 'Cr']","[0, -0.003]",,,,0.173298,2,16.879,,,,,
C1Cr1,aflow:a079dcce0f9df11e,aflowlib.duke.edu:AFLOWDATA/ICSD_WEB/FCC/C1Cr1_ICSD_57008,225,cF8,"['C', 'Cr']","[-0.383, 2.569]",0.0,,,,2,18.5965,,,,,
C1Cr1,aflow:ad068074911a4b9b,aflowlib.duke.edu:AFLOWDATA/ICSD_WEB/FCC/C1Cr1_ICSD_603179,225,cF8,"['C', 'Cr']","[-0.386, 2.575]",0.0,,,,2,18.6683,,,,,
C1Cr1,aflow:c202668d580fc1be,aflowlib.duke.edu:AFLOWDATA/LIB2_WEB/CCr_pv/201,225,cF8,"['C', 'Cr']","[0, -0.002]",,4.52484e-05,632.947,0.173295,2,16.8723,247.842,0.308903,108.553,284.171,14.1711
C1Cr1,aflow:d49ca09aea69740a,aflowlib.duke.edu:AFLOWDATA/LIB2_WEB/CCr_pv/720.BA,225,cF8,"['C', 'Cr']","[0, 0.004]",,,,0.173295,2,16.8699,,,,,
C1Cr1,aflow:df3b1dca4b13cd2c,aflowlib.duke.edu:AFLOWDATA/ICSD_WEB/FCC/C1Cr1_ICSD_181710,225,cF8,"['C', 'Cr']","[-0.387, 2.575]",0.0,3.71808e-05,602.206,,2,18.692,223.033,0.325967,87.8191,232.89,20.8326
C1Cs1,aflow:742589d04d8b0dfa,aflowlib.duke.edu:AFLOWDATA/LIB2_WEB/CCs_sv/77,225,cF8,"['C', 'Cs']","[1.193, 0.097]",,,,2.25759,2,79.1913,,,,,
C1Cs1,aflow:a24dc2249e782e11,aflowlib.duke.edu:AFLOWDATA/LIB2_WEB/CCs_sv/256,225,cF8,"['C', 'Cs']","[1.193, 0.097]",,,,2.25759,2,79.1781,,,,,
C1Cu1,aflow:76a33ee0735c62ef,aflowlib.duke.edu:AFLOWDATA/LIB2_WEB/CCu_pv/720.BA,225,cF8,"['C', 'Cu']","[0, 0]",,,,1.7004,2,18.7423,,,,,
C1Cu1,aflow:b120307fb592b4f5,aflowlib.duke.edu:AFLOWDATA/LIB2_WEB/CCu_pv/201,225,cF8,"['C', 'Cu']","[0, 0]",,,,1.70041,2,18.7423,,,,,
C1Cu1,aflow:ed9de32ec714b648,aflowlib.duke.edu:AFLOWDATA/LIB2_WEB/CCu_pv/720.AB,225,cF8,"['C', 'Cu']","[0, 0]",,,,1.70041,2,18.7423,,,,,
C1Fe1,aflow:3be2a2bb2f1f6c50,aflowlib.duke.edu:AFLOWDATA/LIB2_WEB/CFe_pv/720.BA,225,cF8,"['C', 'Fe']","[0, 0]",,,,0.598101,2,15.9242,,,,,
C1Fe1,aflow:6736d65c1c25a697,aflowlib.duke.edu:AFLOWDATA/LIB2_WEB/CFe_pv/201,225,cF8,"['C', 'Fe']","[0, 0]",,,,0.598101,2,15.9242,,,,,
C1Fe1,aflow:aff2d7466788413a,aflowlib.duke.edu:AFLOWDATA/LIB2_WEB/CFe_pv/4,225,cF8,"['C', 'Fe']","[0, 0]",,,,0.598135,2,15.9259,,,,,
C1Fe1,aflow:b3971f174eb2edc9,aflowlib.duke.edu:AFLOWDATA/LIB2_WEB/CFe_pv/720.AB,225,cF8,"['C', 'Fe']","[0, 0]",,,,0.598101,2,15.9242,,,,,
C1Ga1,aflow:05104d31d22d981e,aflowlib.duke.edu:AFLOWDATA/LIB2_WEB/CGa_h/720.BA,225,cF8,"['C', 'Ga']","[0, 0]",,,,1.21423,2,21.1552,,,,,
C1Ga1,aflow:2d8d1d2066966492,aflowlib.duke.edu:AFLOWDATA/LIB2_WEB/CGa_h/720.AB,225,cF8,"['C', 'Ga']","[0, 0]",,,,1.21423,2,21.1549,,,,,
C1Ga1,aflow:bba5c91f93a0f4b0,aflowlib.duke.edu:AFLOWDATA/LIB2_WEB/CGa_h/201,225,cF8,"['C', 'Ga']","[0, 0]",,,,1.21423,2,21.1549,,,,,
C1Ga1,aflow:d6ceb8a1d95277ea,aflowlib.duke.edu:AFLOWDATA/LIB2_WEB/CGa_h/4,225,cF8,"['C', 'Ga']","[0, 0]",,,,1.21425,2,21.1557,,,,,
C1Ge1,aflow:0befdf85b67349b8,aflowlib.duke.edu:AFLOWDATA/LIB2_WEB/CGe_h/4,225,cF8,"['C', 'Ge']","[0, 0]",,,,1.28321,2,21.1403,,,,,
C1Ge1,aflow:8fea397ef68c9f59,aflowlib.duke.edu:AFLOWDATA/ICSD_WEB/FCC/C1Ge1_ICSD_182364,225,cF8,"['C', 'Ge']","[0, 0]",0.0,5.09519e-05,561.051,1.28253,2,21.1011,164.558,0.245246,100.997,251.532,19.6338
C1Ge1,aflow:ab9aba2b86dfb346,aflowlib.duke.edu:AFLOWDATA/LIB2_WEB/CGe_h/720.BA,225,cF8,"['C', 'Ge']","[0, 0]",,,,1.28308,2,21.1445,,,,,
C1Ge1,aflow:b680b5481a177c8f,aflowlib.duke.edu:AFLOWDATA/LIB2_WEB/CGe_h/201,225,cF8,"['C', 'Ge']","[0, 0]",,,,1.28308,2,21.1446,,,,,
C1Ge1,aflow:f9dd32de2f2837d6,aflowlib.duke.edu:AFLOWDATA/LIB2_WEB/CGe_h/720.AB,225,cF8,"['C', 'Ge']","[0, 0]",,,,1.28308,2,21.1446,,,,,
C1Hf1,aflow:046344f57f96f998,aflowlib.duke.edu:AFLOWDATA/ICSD_WEB/FCC/C1Hf1_ICSD_618012,225,cF8,"['C', 'Hf']","[0, 0]",0.0,,,-0.947977,2,25.1306,,,,,
C1Hf1,aflow:1031a906d6c69629,aflowlib.duke.edu:AFLOWDATA/ICSD_WEB/FCC/C1Hf1_ICSD_618010,225,cF8,"['C', 'Hf']","[0, 0]",0.0,,,-0.947974,2,25.1251,,,,,
C1Hf1,aflow:1816b6ef01585430,aflowlib.duke.edu:AFLOWDATA/ICSD_WEB/FCC/C1Hf1_ICSD_618013,225,cF8,"['C', 'Hf']","[0, 0]",0.0,,,-0.947977,2,25.1306,,,,,
C1Hf1,aflow:18286b464067d75b,aflowlib.duke.edu:AFLOWDATA/ICSD_WEB/FCC/C1Hf1_ICSD_22262,225,cF8,"['C', 'Hf']","[0, 0]",0.0,,,-0.947364,2,25.129,,,,,
C1Hf1,aflow:187864a52ebfd870,aflowlib.duke.edu:AFLOWDATA/LIB2_WEB/CHf_pv/4,225,cF8,"['C', 'Hf']","[0, 0]",,,,-0.946816,2,25.1374,,,,,
C1Hf1,aflow:25be0269896a849d,aflowlib.duke.edu:AFLOWDATA/ICSD_WEB/FCC/C1Hf1_ICSD_618016,225,cF8,"['C', 'Hf']","[0, 0]",0.0,,,-0.947977,2,25.1286,,,,,
C1Hf1,aflow:25c4c4493c9951be,aflowlib.duke.edu:AFLOWDATA/ICSD_WEB/FCC/C1Hf1_ICSD_658336,225,cF8,"['C', 'Hf']","[0, 0]",0.0,,,-0.947979,2,25.1587,,,,,
C1Hf1,aflow:262d6ed98d4e2449,aflowlib.duke.edu:AFLOWDATA/ICSD_WEB/FCC/C1Hf1_ICSD_618017,225,cF8,"['C', 'Hf']","[0, 0]",0.0,,,-0.947981,2,25.1549,,,,,
C1Hf1,aflow:298eb50e872677c5,aflowlib.duke.edu:AFLOWDATA/LIB2_WEB/CHf_pv/ICSD_108134.AB,225,cF8,"['C', 'Hf']","[0, 0]",,,,-0.946441,2,25.14,,,,,
C1Hf1,aflow:2c18151fa32f3a42,aflowlib.duke.edu:AFLOWDATA/LIB2_WEB/CHf_pv/ICSD_658336.AB,225,cF8,"['C', 'Hf']","[0, 0]",,,,-0.946441,2,25.14,,,,,
C1Hf1,aflow:2d6558879a325b90,aflowlib.duke.edu:AFLOWDATA/ICSD_WEB/FCC/C1Hf1_ICSD_618009,225,cF8,"['C', 'Hf']","[0, 0]",0.0,,,-0.947979,2,25.1337,,,,,
C1Hf1,aflow:3d14dafa0b983e6f,aflowlib.duke.edu:AFLOWDATA/ICSD_WEB/FCC/C1Hf1_ICSD_185978,225,cF8,"['C', 'Hf']","[0, 0]",0.0,,,-0.947367,2,25.157,,,,,
C1Hf1,aflow:549dd4bfb5e47d59,aflowlib.duke.edu:AFLOWDATA/ICSD_WEB/FCC/C1Hf1_ICSD_618020,225,cF8,"['C', 'Hf']","[0, 0]",0.0,,,-0.947971,2,25.1215,,,,,
C1Hf1,aflow:57bfe7dcf5996ae5,aflowlib.duke.edu:AFLOWDATA/ICSD_WEB/FCC/C1Hf1_ICSD_180600,225,cF8,"['C', 'Hf']","[0, 0]",0.0,,,-0.947977,2,25.1285,,,,,
C1Hf1,aflow:5ea90ae725dab419,aflowlib.duke.edu:AFLOWDATA/ICSD_WEB/FCC/C1Hf1_ICSD_618008,225,cF8,"['C', 'Hf']","[0, 0]",0.0,,,-0.947979,2,25.1349,,,,,
C1Hf1,aflow:6b88d0acce6b4be2,aflowlib.duke.edu:AFLOWDATA/ICSD_WEB/FCC/C1Hf1_ICSD_618002,225,cF8,"['C', 'Hf']","[0, 0]",0.0,,,-0.947365,2,25.1328,,,,,
C1Hf1,aflow:6c0fcbe9e1888638,aflowlib.duke.edu:AFLOWDATA/LIB2_WEB/CHf_pv/201,225,cF8,"['C', 'Hf']","[0, 0]",,2.25116e-05,537.019,-0.946441,2,25.14,237.737,0.189265,186.35,443.239,65.1477
C1Hf1,aflow:7942e3d3f1880e9c,aflowlib.duke.edu:AFLOWDATA/ICSD_WEB/FCC/C1Hf1_ICSD_181793,225,cF8,"['C', 'Hf']","[0, 0]",0.0,,,-0.947367,2,25.1568,,,,,
C1Hf1,aflow:84235ab433d829a7,aflowlib.duke.edu:AFLOWDATA/ICSD_WEB/FCC/C1Hf1_ICSD_618015,225,cF8,"['C', 'Hf']","[0, 0]",0.0,,,-0.947977,2,25.1312,,,,,
C1Hf1,aflow:860a8b2eed0acca4,aflowlib.duke.edu:AFLOWDATA/ICSD_WEB/FCC/C1Hf1_ICSD_618005,225,cF8,"['C', 'Hf']","[0, 0]",0.0,,,-0.947977,2,25.1292,,,,,
C1Hf1,aflow:92d6b24b8eab0e1d,aflowlib.duke.edu:AFLOWDATA/ICSD_WEB/FCC/C1Hf1_ICSD_618011,225,cF8,"['C', 'Hf']","[0, 0]",0.0,,,-0.947979,2,25.1337,,,,,
C1Hf1,aflow:93de5cdf2d177f28,aflowlib.duke.edu:AFLOWDATA/ICSD_WEB/FCC/C1Hf1_ICSD_618003,225,cF8,"['C', 'Hf']","[0, 0]",0.0,,,-0.947974,2,25.1251,,,,,
C1Hf1,aflow:b47a366c761301a7,aflowlib.duke.edu:AFLOWDATA/ICSD_WEB/FCC/C1Hf1_ICSD_108134,225,cF8,"['C', 'Hf']","[0, 0]",0.0,2.25939e-05,534.95,-0.947977,2,25.1286,239.433,0.191862,185.706,442.671,63.6972
C1Hf1,aflow:b4ded597920b5b86,aflowlib.duke.edu:AFLOWDATA/ICSD_WEB/FCC/C1Hf1_ICSD_617998,225,cF8,"['C', 'Hf']","[0, 0]",0.0,,,-0.947974,2,25.1251,,,,,
C1Hf1,aflow:b9c23eaefce99ab9,aflowlib.duke.edu:AFLOWDATA/ICSD_WEB/FCC/C1Hf1_ICSD_658398,225,cF8,"['C', 'Hf']","[0, 0]",0.0,,,-0.947977,2,25.1285,,,,,
C1Hf1,aflow:bc1de4e7059afc64,aflowlib.duke.edu:AFLOWDATA/ICSD_WEB/FCC/C1Hf1_ICSD_617997,225,cF8,"['C', 'Hf']","[0, 0]",0.0,,,-0.947974,2,25.1259,,,,,
C1Hf1,aflow:be6d72090aeac184,aflowlib.duke.edu:AFLOWDATA/ICSD_WEB/FCC/C1Hf1_ICSD_159873,225,cF8,"['C', 'Hf']","[0, 0]",0.0,,,-0.947977,2,25.1299,,,,,
C1Hf1,aflow:c1e3fc043f434484,aflowlib.duke.edu:AFLOWDATA/ICSD_WEB/FCC/C1Hf1_ICSD_618004,225,cF8,"['C', 'Hf']","[0, 0]",0.0,,,-0.947977,2,25.1304,,,,,
C1Hf1,aflow:c3025169336c51f2,aflowlib.duke.edu:AFLOWDATA/LIB2_WEB/CHf_pv/ICSD_658398.AB,225,cF8,"['C', 'Hf']","[0, 0]",,,,-0.946441,2,25.14,,,,,
C1Hf1,aflow:d03317b40ac91dce,aflowlib.duke.edu:AFLOWDATA/ICSD_WEB/FCC/C1Hf1_ICSD_618018,225,cF8,"['C', 'Hf']","[0, 0]",0.0,,,-0.947979,2,25.1587,,,,,
C1Hf1,aflow:d7f08593d965949a,aflowlib.duke.edu:AFLOWDATA/ICSD_WEB/FCC/C1Hf1_ICSD_618001,225,cF8,"['C', 'Hf']","[0, 0]",0.0,,,-0.947974,2,25.1251,,,,,
C1Hf1,aflow:da8888077d2a388e,aflowlib.duke.edu:AFLOWDATA/LIB2_WEB/CHf_pv/720.BA,225,cF8,"['C', 'Hf']","[0, 0]",,,,-0.946441,2,25.14,,,,,
C1Hf1,aflow:dc287cb038048c4a,aflowlib.duke.edu:AFLOWDATA/ICSD_WEB/FCC/C1Hf1_ICSD_618000,225,cF8,"['C', 'Hf']","[0, 0]",0.0,,,-0.947974,2,25.1257,,,,,
C1Hf1,aflow:dd616c31dc35ce8e,aflowlib.duke.edu:AFLOWDATA/LIB2_WEB/CHf_pv/720.AB,225,cF8,"['C', 'Hf']","[0, 0]",,,,-0.946441,2,25.14,,,,,
C1Hg1,aflow:6c66a20fa4b3f375,aflowlib.duke.edu:AFLOWDATA/LIB2_WEB/CHg/720.AB,225,cF8,"['C', 'Hg']","[0, 0]",,,,2.2987,2,29.5864,,,,,
C1Hg1,aflow:8e21aa2ad722c6b7,aflowlib.duke.edu:AFLOWDATA/LIB2_WEB/CHg/720.BA,225,cF8,"['C', 'Hg']","[0, 0]",,,,2.2987,2,29.5865,,,,,
C1Hg1,aflow:aa277a5ba0f0eb50,aflowlib.duke.edu:AFLOWDATA/LIB2_WEB/CHg/4,225,cF8,"['C', 'Hg']","[0, 0]",,,,2.29871,2,29.5984,,,,,
C1Hg1,aflow:d6cd76bd3a607679,aflowlib.duke.edu:AFLOWDATA/LIB2_WEB/CHg/201,225,cF8,"['C', 'Hg']","[0, 0]",,,,2.2987,2,29.5864,,,,,
C1I1,aflow:559666edd309e87d,aflowlib.duke.edu:AFLOWDATA/LIB2_WEB/CI/201,225,cF8,"['C', 'I']","[0, 0]",,,,2.49298,2,35.8153,,,,,
C1I1,aflow:75068cec34fa4d96,aflowlib.duke.edu:AFLOWDATA/LIB2_WEB/CI/720.BA,225,cF8,"['C', 'I']","[0, 0]",,,,2.49298,2,35.8141,,,,,
C1I1,aflow:c5be72f58b1538e5,aflowlib.duke.edu:AFLOWDATA/LIB2_WEB/CI/720.AB,225,cF8,"['C', 'I']","[0, 0]",,,,2.49297,2,35.8358,,,,,
C1I1,aflow:ff06ab80e2d21152,aflowlib.duke.edu:AFLOWDATA/LIB2_WEB/CI/4,225,cF8,"['C', 'I']","[0, 0]",,,,2.49299,2,35.8271,,,,,
C1In1,aflow:39cab9b93e27a161,aflowlib.duke.edu:AFLOWDATA/LIB2_WEB/CIn_d/77,225,cF8,"['C', 'In']","[0, 0]",,,,1.49652,2,28.1791,,,,,
C1In1,aflow:6991092ddebaa81e,aflowlib.duke.edu:AFLOWDATA/LIB2_WEB/CIn_d/4,225,cF8,"['C', 'In']","[0, 0]",,,,1.49653,2,28.1724,,,,,
C1In1,aflow:738b567776da763b,aflowlib.duke.edu:AFLOWDATA/LIB2_WEB/CIn_d/720.BA,225,cF8,"['C', 'In']","[0, 0]",,,,1.49652,2,28.1798,,,,,
C1In1,aflow:81c180ab546e0b67,aflowlib.duke.edu:AFLOWDATA/LIB2_WEB/CIn_d/720.AB,225,cF8,"['C', 'In']","[0, 0]",,,,1.49652,2,28.1803,,,,,
C1In1,aflow:8880c67daee5ffb5,aflowlib.duke.edu:AFLOWDATA/LIB2_WEB/CIn_d/201,225,cF8,"['C', 'In']","[0, 0]",,,,1.49652,2,28.1803,,,,,
C1In1,aflow:e891422ce887a1e7,aflowlib.duke.edu:AFLOWDATA/LIB2_WEB/CIn_d/136,225,cF8,"['C', 'In']","[0, 0]",,,,1.49652,2,28.1809,,,,,
C1Ir1,aflow:87230621924d75d6,aflowlib.duke.edu:AFLOWDATA/ICSD_WEB/FCC/C1Ir1_ICSD_185983,225,cF8,"['C', 'Ir']","[0.115, 0.492]",0.0,,,,2,21.0398,,,,,
C1Ir1,aflow:944cf44ffafdc0a7,aflowlib.duke.edu:AFLOWDATA/LIB2_WEB/CIr/720.BA,225,cF8,"['C', 'Ir']","[0.022, 0.122]",,,,1.43596,2,21.3805,,,,,
C1Ir1,aflow:b90d2c6bc8294279,aflowlib.duke.edu:AFLOWDATA/LIB2_WEB/CIr/720.AB,225,cF8,"['C', 'Ir']","[0.022, 0.122]",,,,1.43596,2,21.3805,,,,,
C1Ir1,aflow:f6209e0665124471,aflowlib.duke.edu:AFLOWDATA/LIB2_WEB/CIr/201,225,cF8,"['C', 'Ir']","[0.022, 0.122]",,,,1.43596,2,21.3805,,,,,
C1K1,aflow:07b2ecb2ddd2bbb3,aflowlib.duke.edu:AFLOWDATA/LIB2_WEB/CK_sv/201,225,cF8,"['C', 'K']","[1.219, 0.066]",,,,2.30599,2,59.0002,,,,,
C1K1,aflow:9055a2afc751d575,aflowlib.duke.edu:AFLOWDATA/LIB2_WEB/CK_sv/720.AB,225,cF8,"['C', 'K']","[1.219, 0.066]",,,,2.30599,2,59.0002,,,,,
C1K1,aflow:c9e46f7621aeeb6b,aflowlib.duke.edu:AFLOWDATA/LIB2_WEB/CK_sv/4,225,cF8,"['C', 'K']","[1.219, 0.066]",,,,2.30599,2,58.9782,,,,,
C1K1,aflow:dc6a65a0692e9afc,aflowlib.duke.edu:AFLOWDATA/LIB2_WEB/CK_sv/720.BA,225,cF8,"['C', 'K']","[1.219, 0.066]",,,,2.30599,2,59.0002,,,,,
C1Li1,aflow:417c0ce5749ebe2a,aflowlib.duke.edu:AFLOWDATA/LIB2_WEB/CLi_sv/720.BA,225,cF8,"['C', 'Li']","[0.002, 0]",,,,1.98438,2,19.5685,,,,,
C1Li1,aflow:4900091ee53982e0,aflowlib.duke.edu:AFLOWDATA/LIB2_WEB/CLi_sv/201,225,cF8,"['C', 'Li']","[0.002, 0]",,,,1.98438,2,19.5686,,,,,
C1Li1,aflow:b99c35c18ed179a3,aflowlib.duke.edu:AFLOWDATA/LIB2_WEB/CLi_sv/720.AB,225,cF8,"['C', 'Li']","[0.002, 0]",,,,1.98438,2,19.5686,,,,,
C1Mg1,aflow:62fdf8cac7168ec9,aflowlib.duke.edu:AFLOWDATA/LIB2_WEB/CMg_pv/720.BA,225,cF8,"['C', 'Mg']","[0, 0]",,,,1.32484,2,24.6965,,,,,
C1Mg1,aflow:6465f407b8240d4a,aflowlib.duke.edu:AFLOWDATA/LIB2_WEB/CMg_pv/201,225,cF8,"['C', 'Mg']","[0, 0]",,,,1.32484,2,24.6958,,,,,
C1Mg1,aflow:b6f37e9dda4ce936,aflowlib.duke.edu:AFLOWDATA/LIB2_WEB/CMg_pv/720.AB,225,cF8,"['C', 'Mg']","[0, 0]",,,,1.32484,2,24.6958,,,,,
C1Mn1,aflow:0ad606ed1c0d0652,aflowlib.duke.edu:AFLOWDATA/LIB2_WEB/CMn_pv/720.AB,225,cF8,"['C', 'Mn']","[-0.14, 2.221]",,,,0.309524,2,17.1784,,,,,
C1Mn1,aflow:12c900a6cb2f67d3,aflowlib.duke.edu:AFLOWDATA/LIB2_WEB/CMn_pv/201,225,cF8,"['C', 'Mn']","[-0.14, 2.221]",,,,0.309524,2,17.1784,,,,,
C1Mn1,aflow:78f30e4428ebd929,aflowlib.duke.edu:AFLOWDATA/LIB2_WEB/CMn_pv/720.BA,225,cF8,"['C', 'Mn']","[-0.14, 2.221]",,,,0.309524,2,17.1784,,,,,
C1Mn1,aflow:bf6ffc718653b2ed,aflowlib.duke.edu:AFLOWDATA/LIB2_WEB/CMn_pv/4,225,cF8,"['C', 'Mn']","[-0.14, 2.221]",,,,0.309675,2,17.1808,,,,,
C1Mo1,aflow:2681365ead45dc92,aflowlib.duke.edu:AFLOWDATA/LIB2_WEB/CMo_pv/720.BA,225,cF8,"['C', 'Mo']","[0, 0]",,,,0.212185,2,21.0433,,,,,
C1Mo1,aflow:4a15609e7db69ef1,aflowlib.duke.edu:AFLOWDATA/LIB2_WEB/CMo_pv/720.AB,225,cF8,"['C', 'Mo']","[0, 0]",,,,0.212185,2,21.0432,,,,,
C1Mo1,aflow:768ceabdd3106f75,aflowlib.duke.edu:AFLOWDATA/ICSD_WEB/FCC/C1Mo1_ICSD_77157,225,cF8,"['C', 'Mo']","[0, 0]",0.0,,,,2,21.2117,,,,,
C1Mo1,aflow:7b24175c455986fe,aflowlib.duke.edu:AFLOWDATA/LIB2_WEB/CMo_pv/ICSD_43523.AB,225,cF8,"['C', 'Mo']","[0, 0]",,,,0.212185,2,21.0432,,,,,
C1Mo1,aflow:7c4604b1a2705be0,aflowlib.duke.edu:AFLOWDATA/LIB2_WEB/CMo_pv/201,225,cF8,"['C', 'Mo']","[0, 0]",,2.05739e-05,611.957,0.212185,2,21.0433,334.083,0.312958,142.779,374.925,40.5291
C1Mo1,aflow:b277e5beb3212b58,aflowlib.duke.edu:AFLOWDATA/LIB2_WEB/CMo_pv/4,225,cF8,"['C', 'Mo']","[0, 0]",,,,0.212212,2,21.0416,,,,,
C1Mo1,aflow:c26e5f22dedda7c4,aflowlib.duke.edu:AFLOWDATA/ICSD_WEB/FCC/C1Mo1_ICSD_618306,225,cF8,"['C', 'Mo']","[0, 0]",0.0,,,,2,21.2115,,,,,
C1Mo1,aflow:dcc37d0f19011b4d,aflowlib.duke.edu:AFLOWDATA/ICSD_WEB/FCC/C1Mo1_ICSD_43523,225,cF8,"['C', 'Mo']","[0, 0]",0.0,,,,2,21.2303,,,,,
C1Mo1,aflow:e6168f280fcabded,aflowlib.duke.edu:AFLOWDATA/ICSD_WEB/FCC/C1Mo1_ICSD_183165,225,cF8,"['C', 'Mo']","[0, 0]",0.0,1.97358e-05,685.006,,2,21.2241,325.65,0.265415,181.109,458.355,58.2171
C1Mo1,aflow:fd34dee078319bb9,aflowlib.duke.edu:AFLOWDATA/ICSD_WEB/FCC/C1Mo1_ICSD_618302,225,cF8,"['C', 'Mo']","[0, 0]",0.0,,,,2,21.2115,,,,,
C1Na1,aflow:58c5d3054d2d7930,aflowlib.duke.edu:AFLOWDATA/LIB2_WEB/CNa_sv/201,225,cF8,"['C', 'Na']","[1.231, 0.018]",,,,2.49287,2,41.0142,,,,,
C1Na1,aflow:e06b039a3f7aee82,aflowlib.duke.edu:AFLOWDATA/LIB2_WEB/CNa_sv/720.AB,225,cF8,"['C', 'Na']","[1.231, 0.018]",,,,2.49287,2,41.0143,,,,,
C1Na1,aflow:f884cc8a7bb2c682,aflowlib.duke.edu:AFLOWDATA/LIB2_WEB/CNa_sv/720.BA,225,cF8,"['C', 'Na']","[1.231, 0.018]",,,,2.49299,2,41.0565,,,,,
C1Nb1,aflow:2639f075621ed57a,aflowlib.duke.edu:AFLOWDATA/LIB2_WEB/CNb_sv/ICSD_44496.AB,225,cF8,"['C', 'Nb']","[0, 0]",,,,-0.542614,2,22.6411,,,,,
C1Nb1,aflow:306d794471ba0aa8,aflowlib.duke.edu:AFLOWDATA/ICSD_WEB/FCC/C1Nb1_ICSD_618475,225,cF8,"['C', 'Nb']","[0, 0]",0.0,,,,2,22.8161,,,,,
C1Nb1,aflow:32b9cbf60b1a5f82,aflowlib.duke.edu:AFLOWDATA/ICSD_WEB/FCC/C1Nb1_ICSD_618463,225,cF8,"['C', 'Nb']","[0, 0]",0.0,,,,2,22.8354,,,,,
C1Nb1,aflow:3af6e0150543164b,aflowlib.duke.edu:AFLOWDATA/ICSD_WEB/FCC/C1Nb1_ICSD_601142,225,cF8,"['C', 'Nb']","[0, 0]",0.0,,,,2,22.8165,,,,,
C1Nb1,aflow:41441e30d7d0aee9,aflowlib.duke.edu:AFLOWDATA/ICSD_WEB/FCC/C1Nb1_ICSD_181052,225,cF8,"['C', 'Nb']","[0, 0]",0.0,,,,2,22.8778,,,,,
C1Nb1,aflow:4553463d045385b2,aflowlib.duke.edu:AFLOWDATA/LIB2_WEB/CNb_sv/ICSD_155164.AB,225,cF8,"['C', 'Nb']","[0, 0]",,,,-0.542614,2,22.6411,,,,,
C1Nb1,aflow:54afab7ce23a0015,aflowlib.duke.edu:AFLOWDATA/LIB2_WEB/CNb_sv/720.AB,225,cF8,"['C', 'Nb']","[0, 0]",,,,-0.542618,2,22.6395,,,,,
C1Nb1,aflow:59313a3131de9c03,aflowlib.duke.edu:AFLOWDATA/ICSD_WEB/FCC/C1Nb1_ICSD_618480,225,cF8,"['C', 'Nb']","[0, 0]",0.0,,,,2,22.8094,,,,,
C1Nb1,aflow:60a2faed282b0dd1,aflowlib.duke.edu:AFLOWDATA/ICSD_WEB/FCC/C1Nb1_ICSD_618482,225,cF8,"['C', 'Nb']",[0],0.0,,,,2,22.8326,,,,,
C1Nb1,aflow:6186072d704e10a2,aflowlib.duke.edu:AFLOWDATA/ICSD_WEB/FCC/C1Nb1_ICSD_618453,225,cF8,"['C', 'Nb']","[0, 0]",0.0,,,,2,22.8814,,,,,
C1Nb1,aflow:627b75db5b51576a,aflowlib.duke.edu:AFLOWDATA/ICSD_WEB/FCC/C1Nb1_ICSD_618471,225,cF8,"['C', 'Nb']","[0, 0]",0.0,,,,2,22.8356,,,,,
C1Nb1,aflow:667cdc34d29a6a0f,aflowlib.duke.edu:AFLOWDATA/LIB2_WEB/CNb_sv/720.BA,225,cF8,"['C', 'Nb']","[0, 0]",,,,-0.542614,2,22.6411,,,,,
C1Nb1,aflow:6ee50d256c112b06,aflowlib.duke.edu:AFLOWDATA/ICSD_WEB/FCC/C1Nb1_ICSD_189089,225,cF8,"['C', 'Nb']","[0, 0]",0.0,,,,2,22.8268,,,,,
C1Nb1,aflow:725c78e6ed8ac310,aflowlib.duke.edu:AFLOWDATA/ICSD_WEB/FCC/C1Nb1_ICSD_618473,225,cF8,"['C', 'Nb']",[0],0.0,,,,2,22.8326,,,,,
C1Nb1,aflow:7291a227092ef04c,aflowlib.duke.edu:AFLOWDATA/ICSD_WEB/FCC/C1Nb1_ICSD_44355,225,cF8,"['C', 'Nb']","[0, 0]",0.0,,,,2,22.8387,,,,,
C1Nb1,aflow:8416098a91dbc14d,aflowlib.duke.edu:AFLOWDATA/ICSD_WEB/FCC/C1Nb1_ICSD_618465,225,cF8,"['C', 'Nb']",[0],0.0,,,,2,22.8326,,,,,
C1Nb1,aflow:8e3422b6285dd3d9,aflowlib.duke.edu:AFLOWDATA/ICSD_WEB/FCC/C1Nb1_ICSD_618460,225,cF8,"['C', 'Nb']","[0, 0]",0.0,,,,2,22.8381,,,,,
C1Nb1,aflow:90c33e8683590af5,aflowlib.duke.edu:AFLOWDATA/LIB2_WEB/CNb_sv/ICSD_26955.AB,225,cF8,"['C', 'Nb']","[0, 0]",,,,-0.542614,2,22.6411,,,,,
C1Nb1,aflow:9b103e465983c9ae,aflowlib.duke.edu:AFLOWDATA/ICSD_WEB/FCC/C1Nb1_ICSD_26955,225,cF8,"['C', 'Nb']","[0, 0]",0.0,,,,2,22.8373,,,,,
C1Nb1,aflow:9d49287a6d1da95a,aflowlib.duke.edu:AFLOWDATA/ICSD_WEB/FCC/C1Nb1_ICSD_183163,225,cF8,"['C', 'Nb']","[0, 0]",0.0,,,,2,22.8702,,,,,
C1Nb1,aflow:9fa8d5025797d2c6,aflowlib.duke.edu:AFLOWDATA/ICSD_WEB/FCC/C1Nb1_ICSD_181792,225,cF8,"['C', 'Nb']","[0, 0]",0.0,,,,2,22.7997,,,,,
C1Nb1,aflow:a172b6019c70651f,aflowlib.duke.edu:AFLOWDATA/LIB2_WEB/CNb_sv/4,225,cF8,"['C', 'Nb']","[0, 0]",,,,-0.542917,2,22.6246,,,,,
C1Nb1,aflow:a38955a209dd38ca,aflowlib.duke.edu:AFLOWDATA/ICSD_WEB/FCC/C1Nb1_ICSD_618462,225,cF8,"['C', 'Nb']","[0, 0]",0.0,,,,2,22.8361,,,,,
C1Nb1,aflow:aa76acc5d2c7fd57,aflowlib.duke.edu:AFLOWDATA/LIB2_WEB/CNb_sv/201,225,cF8,"['C', 'Nb']","[0, 0]",,1.8757e-05,730.085,-0.542719,2,22.5558,299.616,0.230638,196.74,484.231,75.4542
C1Nb1,aflow:b7e79ad06eff8796,aflowlib.duke.edu:AFLOWDATA/ICSD_WEB/FCC/C1Nb1_ICSD_618481,225,cF8,"['C', 'Nb']","[0, 0]",0.0,,,,2,22.8024,,,,,
C1Nb1,aflow:c06df141a7d92275,aflowlib.duke.edu:AFLOWDATA/ICSD_WEB/FCC/C1Nb1_ICSD_618483,225,cF8,"['C', 'Nb']","[0, 0]",0.0,,,,2,22.8097,,,,,
C1Nb1,aflow:c9c319596bed6503,aflowlib.duke.edu:AFLOWDATA/ICSD_WEB/FCC/C1Nb1_ICSD_618484,225,cF8,"['C', 'Nb']","[0, 0]",0.0,,,,2,22.8118,,,,,
C1Nb1,aflow:cc651d2e76105e10,aflowlib.duke.edu:AFLOWDATA/LIB2_WEB/CNb_sv/ICSD_44355.AB,225,cF8,"['C', 'Nb']","[0, 0]",,,,-0.542614,2,22.6411,,,,,
C1Nb1,aflow:ce23c1f616dd0610,aflowlib.duke.edu:AFLOWDATA/LIB2_WEB/CNb_sv/ICSD_601142.AB,225,cF8,"['C', 'Nb']","[0, 0]",,,,-0.542618,2,22.6395,,,,,
C1Nb1,aflow:d188d3a352409f2d,aflowlib.duke.edu:AFLOWDATA/ICSD_WEB/FCC/C1Nb1_ICSD_618448,225,cF8,"['C', 'Nb']","[0, 0]",0.0,,,,2,22.8252,,,,,
C1Nb1,aflow:d6c9ab19dcb81c5b,aflowlib.duke.edu:AFLOWDATA/ICSD_WEB/FCC/C1Nb1_ICSD_618449,225,cF8,"['C', 'Nb']","[0, 0]",0.0,,,,2,22.8376,,,,,
C1Nb1,aflow:da49b2ca4f3a5480,aflowlib.duke.edu:AFLOWDATA/ICSD_WEB/FCC/C1Nb1_ICSD_618472,225,cF8,"['C', 'Nb']","[0, 0]",0.0,,,,2,22.8336,,,,,
C1Nb1,aflow:dc96ddaddb6c935b,aflowlib.duke.edu:AFLOWDATA/ICSD_WEB/FCC/C1Nb1_ICSD_155164,225,cF8,"['C', 'Nb']","[0, 0]",0.0,1.84977e-05,737.988,,2,22.8121,298.683,0.22431,201.772,494.064,78.8903
C1Nb1,aflow:dead1c1f7f3a83bc,aflowlib.duke.edu:AFLOWDATA/ICSD_WEB/FCC/C1Nb1_ICSD_618458,225,cF8,"['C', 'Nb']","[0, 0]",0.0,,,,2,22.8819,,,,,
C1Nb1,aflow:e0041b027140f7ed,aflowlib.duke.edu:AFLOWDATA/ICSD_WEB/FCC/C1Nb1_ICSD_94449,225,cF8,"['C', 'Nb']","[0, 0]",0.0,,,,2,22.9021,,,,,
C1Nb1,aflow:e0289be0dc23d4e1,aflowlib.duke.edu:AFLOWDATA/ICSD_WEB/FCC/C1Nb1_ICSD_187077,225,cF8,"['C', 'Nb']","[0, 0]",0.0,,,,2,22.8185,,,,,
C1Nb1,aflow:e6e4bc88940142c6,aflowlib.duke.edu:AFLOWDATA/ICSD_WEB/FCC/C1Nb1_ICSD_159872,225,cF8,"['C', 'Nb']","[0, 0]",0.0,,,,2,22.8086,,,,,
C1Nb1,aflow:efe2a6a1aab68541,aflowlib.duke.edu:AFLOWDATA/ICSD_WEB/FCC/C1Nb1_ICSD_44496,225,cF8,"['C', 'Nb']","[0, 0]",0.0,,,,2,22.8812,,,,,
C1Nb1,aflow:f0699aa1cca3a540,aflowlib.duke.edu:AFLOWDATA/ICSD_WEB/FCC/C1Nb1_ICSD_77214,225,cF8,"['C', 'Nb']",[0],0.0,,,,2,22.8326,,,,,
C1Nb1,aflow:f4a12647d9e406b6,aflowlib.duke.edu:AFLOWDATA/ICSD_WEB/FCC/C1Nb1_ICSD_618476,225,cF8,"['C', 'Nb']","[0, 0]",0.0,,,,2,22.829,,,,,
C1Nb1,aflow:f77d63fe71957820,aflowlib.duke.edu:AFLOWDATA/ICSD_WEB/FCC/C1Nb1_ICSD_618466,225,cF8,"['C', 'Nb']","[0, 0]",0.0,,,,2,22.8176,,,,,
C1Nb1,aflow:f8bf3cf03e13ce9f,aflowlib.duke.edu:AFLOWDATA/ICSD_WEB/FCC/C1Nb1_ICSD_618469,225,cF8,"['C', 'Nb']",[0],0.0,,,,2,22.8326,,,,,
C1Ni1,aflow:6d16ec700d8e923e,aflowlib.duke.edu:AFLOWDATA/LIB2_WEB/CNi_pv/4,225,cF8,"['C', 'Ni']","[0, 0]",,,,1.10242,2,16.8114,,,,,
C1Ni1,aflow:a9bcdc3041754651,aflowlib.duke.edu:AFLOWDATA/LIB2_WEB/CNi_pv/201,225,cF8,"['C', 'Ni']","[0, 0]",,,,1.1003,2,16.6481,,,,,
C1Ni1,aflow:ae16e80685cb88e0,aflowlib.duke.edu:AFLOWDATA/LIB2_WEB/CNi_pv/720.BA,225,cF8,"['C', 'Ni']","[0, 0]",,,,1.10133,2,16.7963,,,,,
C1Ni1,aflow:d8bbf4400409eea4,aflowlib.duke.edu:AFLOWDATA/LIB2_WEB/CNi_pv/720.AB,225,cF8,"['C', 'Ni']","[0, 0]",,,,1.10133,2,16.7963,,,,,
C1Ni1,aflow:e9301e24b4623b39,aflowlib.duke.edu:AFLOWDATA/ICSD_WEB/FCC/C1Ni1_ICSD_180457,225,cF8,"['C', 'Ni']","[0, 0]",0.0,3.90586e-05,496.981,,2,16.4075,264.689,0.379263,69.5103,191.746,12.2368
C1Os1,aflow:65af9f667757139e,aflowlib.duke.edu:AFLOWDATA/LIB2_WEB/COs_pv/201,225,cF8,"['C', 'Os']","[0, 0]",,,,1.38649,2,20.7564,,,,,
C1Os1,aflow:788c729d763ad4f3,aflowlib.duke.edu:AFLOWDATA/LIB2_WEB/COs_pv/720.AB,225,cF8,"['C', 'Os']","[0, 0]",,,,1.38649,2,20.7564,,,,,
C1Os1,aflow:b9b80ada4f357c6b,aflowlib.duke.edu:AFLOWDATA/ICSD_WEB/FCC/C1Os1_ICSD_185982,225,cF8,"['C', 'Os']","[0, 0]",0.0,,,,2,20.6908,,,,,
C1Os1,aflow:bbd7d57ac0650e12,aflowlib.duke.edu:AFLOWDATA/LIB2_WEB/COs_pv/720.BA,225,cF8,"['C', 'Os']","[0, 0]",,,,1.38649,2,20.7564,,,,,
C1P1,aflow:221e27ddefb4151a,aflowlib.duke.edu:AFLOWDATA/LIB2_WEB/CP/4,225,cF8,"['C', 'P']","[0, 0]",,,,1.18571,2,18.0332,,,,,
C1P1,aflow:36952fad3499d31e,aflowlib.duke.edu:AFLOWDATA/LIB2_WEB/CP/201,225,cF8,"['C', 'P']","[0, 0]",,,,1.18569,2,18.032,,,,,
C1P1,aflow:3994c452996e01b3,aflowlib.duke.edu:AFLOWDATA/LIB2_WEB/CP/720.AB,225,cF8,"['C', 'P']","[0, 0]",,,,1.18569,2,18.032,,,,,
C1P1,aflow:b711f85af066d9b0,aflowlib.duke.edu:AFLOWDATA/LIB2_WEB/CP/720.BA,225,cF8,"['C', 'P']","[0, 0]",,,,1.18569,2,18.032,,,,,
C1Pa1,aflow:fb1cd92584ed214f,aflowlib.duke.edu:AFLOWDATA/ICSD_WEB/FCC/C1Pa1_ICSD_108177,225,cF8,"['C', 'Pa']","[0, 0]",0.0,2.08027e-05,316.019,,2,32.7518,185.272,0.315993,77.7165,204.549,30.8236
C1Pa1,aflow:fcb8da1b77a7de3f,aflowlib.duke.edu:AFLOWDATA/ICSD_WEB/FCC/C1Pa1_ICSD_618623,225,cF8,"['C', 'Pa']","[0, 0]",0.0,,,,2,32.7426,,,,,
C1Pb1,aflow:973b193dd6bdc1da,aflowlib.duke.edu:AFLOWDATA/LIB2_WEB/CPb_d/720.AB,225,cF8,"['C', 'Pb']","[0, 0]",,,,1.81176,2,33.1286,,,,,
C1Pb1,aflow:b71fcf7ac3ba1474,aflowlib.duke.edu:AFLOWDATA/LIB2_WEB/CPb_d/4,225,cF8,"['C', 'Pb']","[0, 0]",,,,1.81178,2,33.1265,,,,,
C1Pb1,aflow:cab6ecc35db6d1b8,aflowlib.duke.edu:AFLOWDATA/LIB2_WEB/CPb_d/201,225,cF8,"['C', 'Pb']","[0, 0]",,,,1.81176,2,33.1286,,,,,
C1Pb1,aflow:ef3b85baeb8d74c9,aflowlib.duke.edu:AFLOWDATA/LIB2_WEB/CPb_d/720.BA,225,cF8,"['C', 'Pb']","[0, 0]",,,,1.81176,2,33.1294,,,,,
C1Pd1,aflow:1853fed4b441fa09,aflowlib.duke.edu:AFLOWDATA/LIB2_WEB/CPd_pv/720.BA,225,cF8,"['C', 'Pd']","[0, 0]",,,,1.49112,2,21.9256,,,,,
C1Pd1,aflow:69d79a16d36ee778,aflowlib.duke.edu:AFLOWDATA/ICSD_WEB/FCC/C1Pd1_ICSD_183173,225,cF8,"['C', 'Pd']","[0, 0]",0.0,,,,2,21.6691,,,,,
C1Pd1,aflow:9a32e393fe53a94b,aflowlib.duke.edu:AFLOWDATA/LIB2_WEB/CPd_pv/720.AB,225,cF8,"['C', 'Pd']","[0, 0]",,,,1.49112,2,21.9256,,,,,
C1Pd1,aflow:dbe6478da484b0dc,aflowlib.duke.edu:AFLOWDATA/LIB2_WEB/CPd_pv/4,225,cF8,"['C', 'Pd']","[0, 0]",,,,1.49117,2,21.9247,,,,,
C1Pd1,aflow:ed7e078c2c0315c6,aflowlib.duke.edu:AFLOWDATA/LIB2_WEB/CPd_pv/201,225,cF8,"['C', 'Pd']","[0, 0]",,,,1.49112,2,21.9256,,,,,
C1Pd1,aflow:fea5bd3abdf35cf1,aflowlib.duke.edu:AFLOWDATA/ICSD_WEB/FCC/C1Pd1_ICSD_181774,225,cF8,"['C', 'Pd']","[0, 0]",0.0,4.45288e-05,341.987,,2,21.6709,210.867,0.396147,47.056,131.394,5.43069
C1Pt1,aflow:13435caa82fe4e49,aflowlib.duke.edu:AFLOWDATA/ICSD_WEB/FCC/C1Pt1_ICSD_181114,225,cF8,"['C', 'Pt']","[0, 0]",0.0,3.54733e-05,248.065,,2,22.0896,259.283,0.422009,42.6618,121.331,3.85442
C1Pt1,aflow:23de2f138f8eaf25,aflowlib.duke.edu:AFLOWDATA/LIB2_WEB/CPt/4,225,cF8,"['C', 'Pt']","[0, 0]",,,,1.47657,2,22.4177,,,,,
C1Pt1,aflow:2530fd0195050f1f,aflowlib.duke.edu:AFLOWDATA/LIB2_WEB/CPt/720.BA,225,cF8,"['C', 'Pt']","[0, 0]",,,,1.47654,2,22.4146,,,,,
C1Pt1,aflow:c0b507c919c8c1f6,aflowlib.duke.edu:AFLOWDATA/ICSD_WEB/FCC/C1Pt1_ICSD_185984,225,cF8,"['C', 'Pt']","[0, 0]",0.0,,,,2,22.0776,,,,,
C1Pt1,aflow:c1239a1be07e9833,aflowlib.duke.edu:AFLOWDATA/LIB2_WEB/CPt/201,225,cF8,"['C', 'Pt']","[0, 0]",,,,1.47654,2,22.4146,,,,,
C1Pt1,aflow:d17c8a455a0d4f17,aflowlib.duke.edu:AFLOWDATA/ICSD_WEB/FCC/C1Pt1_ICSD_181345,225,cF8,"['C', 'Pt']","[0, 0]",0.0,,,,2,22.0933,,,,,
C1Pt1,aflow:e1a5cb54d7eb729d,aflowlib.duke.edu:AFLOWDATA/LIB2_WEB/CPt/720.AB,225,cF8,"['C', 'Pt']","[0, 0]",,,,1.47654,2,22.4146,,,,,
C1Pu1,aflow:257936faf6785e79,aflowlib.duke.edu:AFLOWDATA/ICSD_WEB/FCC/C1Pu1_ICSD_618665,225,cF8,"['C', 'Pu']","[-0.233, 4.396]",0.0,,,,2,30.9832,,,,,
C1Pu1,aflow:5cb46318869a4a70,aflowlib.duke.edu:AFLOWDATA/ICSD_WEB/FCC/C1Pu1_ICSD_618670,225,cF8,"['C', 'Pu']","[-0.232, 4.396]",0.0,,,,2,30.9704,,,,,
C1Pu1,aflow:5f74025cd78a8182,aflowlib.duke.edu:AFLOWDATA/ICSD_WEB/FCC/C1Pu1_ICSD_77305,225,cF8,"['C', 'Pu']","[-0.232, 4.396]",0.0,,,,2,30.9545,,,,,
C1Pu1,aflow:88e69408c087daa4,aflowlib.duke.edu:AFLOWDATA/ICSD_WEB/FCC/C1Pu1_ICSD_618671,225,cF8,"['C', 'Pu']","[-0.231, 4.395]",0.0,,,,2,30.9391,,,,,
C1Pu1,aflow:93392054fcfff716,aflowlib.duke.edu:AFLOWDATA/ICSD_WEB/FCC/C1Pu1_ICSD_31719,225,cF8,"['C', 'Pu']",[4.393],0.0,,,,2,30.9646,,,,,
C1Pu1,aflow:aeda4a4d6b30f06a,aflowlib.duke.edu:AFLOWDATA/ICSD_WEB/FCC/C1Pu1_ICSD_618675,225,cF8,"['C', 'Pu']","[-0.234, 4.401]",0.0,,,,2,31.1426,,,,,
C1Pu1,aflow:c29f8b8a7e63eeaa,aflowlib.duke.edu:AFLOWDATA/ICSD_WEB/FCC/C1Pu1_ICSD_618676,225,cF8,"['C', 'Pu']","[-0.233, 4.397]",0.0,,,,2,30.998,,,,,
C1Pu1,aflow:e8527346a8162154,aflowlib.duke.edu:AFLOWDATA/ICSD_WEB/FCC/C1Pu1_ICSD_618678,225,cF8,"['C', 'Pu']","[-0.232, 4.396]",0.0,,,,2,30.9876,,,,,
C1Rb1,aflow:089cb0a77466a3b5,aflowlib.duke.edu:AFLOWDATA/LIB2_WEB/CRb_sv/720.BA,225,cF8,"['C', 'Rb']","[1.208, 0.074]",,,,2.30427,2,68.028,,,,,
C1Rb1,aflow:1d997472f32e4304,aflowlib.duke.edu:AFLOWDATA/LIB2_WEB/CRb_sv/720.AB,225,cF8,"['C', 'Rb']","[1.208, 0.074]",,,,2.30427,2,68.028,,,,,
C1Rb1,aflow:3e0f7ec938c5a8c2,aflowlib.duke.edu:AFLOWDATA/LIB2_WEB/CRb_sv/201,225,cF8,"['C', 'Rb']","[1.208, 0.074]",,,,2.30427,2,68.028,,,,,
C1Rb1,aflow:f59a9eb08ed437a1,aflowlib.duke.edu:AFLOWDATA/LIB2_WEB/CRb_sv/4,225,cF8,"['C', 'Rb']","[1.207, 0.074]",,,,2.30427,2,68.0371,,,,,
C1Re1,aflow:401cecb8f4293b05,aflowlib.duke.edu:AFLOWDATA/LIB2_WEB/CRe_pv/720.AB,225,cF8,"['C', 'Re']","[0, 0.002]",,,,0.936073,2,20.7541,,,,,
C1Re1,aflow:4edccf6defd5ffd5,aflowlib.duke.edu:AFLOWDATA/LIB2_WEB/CRe_pv/720.BA,225,cF8,"['C', 'Re']","[0, 0.002]",,,,0.936073,2,20.754,,,,,
C1Re1,aflow:519a5865dda16e17,aflowlib.duke.edu:AFLOWDATA/ICSD_WEB/FCC/C1Re1_ICSD_77350,225,cF8,"['C', 'Re']","[0, 0]",0.0,,,,2,20.8414,,,,,
C1Re1,aflow:9a20485122114e84,aflowlib.duke.edu:AFLOWDATA/ICSD_WEB/FCC/C1Re1_ICSD_185981,225,cF8,"['C', 'Re']","[-0.035, 0.853]",0.0,,,,2,21.0284,,,,,
C1Re1,aflow:d5c915940dec0dd9,aflowlib.duke.edu:AFLOWDATA/LIB2_WEB/CRe_pv/201,225,cF8,"['C', 'Re']","[0, 0.002]",,,,0.936073,2,20.7541,,,,,
C1Rh1,aflow:3a4b13f181909c0b,aflowlib.duke.edu:AFLOWDATA/ICSD_WEB/FCC/C1Rh1_ICSD_181773,225,cF8,"['C', 'Rh']","[0.113, 0.302]",0.0,3.09355e-05,405.975,,2,20.5277,280.367,0.390611,66.1628,184.014,10.6001
C1Rh1,aflow:3ab2ac2944a0fa73,aflowlib.duke.edu:AFLOWDATA/LIB2_WEB/CRh_pv/720.BA,225,cF8,"['C', 'Rh']","[0.069, 0.179]",,,,1.08719,2,20.7052,,,,,
C1Rh1,aflow:3f92566875817608,aflowlib.duke.edu:AFLOWDATA/LIB2_WEB/CRh_pv/201,225,cF8,"['C', 'Rh']","[0.069, 0.179]",,,,1.08719,2,20.7052,,,,,
C1Rh1,aflow:a4650fbe13f71ea1,aflowlib.duke.edu:AFLOWDATA/ICSD_WEB/FCC/C1Rh1_ICSD_183171,225,cF8,"['C', 'Rh']","[0.113, 0.302]",0.0,,,,2,20.5312,,,,,
C1Rh1,aflow:be9305538dc73eb9,aflowlib.duke.edu:AFLOWDATA/LIB2_WEB/CRh_pv/720.AB,225,cF8,"['C', 'Rh']","[0.069, 0.179]",,,,1.08719,2,20.7052,,,,,
C1Ru1,aflow:32cefcad1eab10a9,aflowlib.duke.edu:AFLOWDATA/LIB2_WEB/CRu_pv/720.BA,225,cF8,"['C', 'Ru']","[0, 0]",,,,0.9054,2,20.1787,,,,,
C1Ru1,aflow:39535a6a8b791c08,aflowlib.duke.edu:AFLOWDATA/LIB2_WEB/CRu_pv/720.AB,225,cF8,"['C', 'Ru']","[0, 0]",,,,0.9054,2,20.1787,,,,,
C1Ru1,aflow:4990d46926dfee7a,aflowlib.duke.edu:AFLOWDATA/ICSD_WEB/FCC/C1Ru1_ICSD_183169,225,cF8,"['C', 'Ru']","[0, 0]",0.0,2.79783e-05,204.963,,2,20.0158,317.922,0.475088,16.1078,47.521,1.49975
C1Ru1,aflow:52e918ec38633366,aflowlib.duke.edu:AFLOWDATA/LIB2_WEB/CRu_pv/201,225,cF8,"['C', 'Ru']","[0, 0]",,,,0.9054,2,20.1787,,,,,
C1Ru1,aflow:a0169179611bf672,aflowlib.duke.edu:AFLOWDATA/LIB2_WEB/CRu_pv/4,225,cF8,"['C', 'Ru']","[0, 0]",,,,0.905428,2,20.1773,,,,,
C1Sb1,aflow:327537a9b6e35390,aflowlib.duke.edu:AFLOWDATA/LIB2_WEB/CSb/720.BA,225,cF8,"['C', 'Sb']","[0, 0]",,,,1.35775,2,29.2625,,,,,
C1Sb1,aflow:377fb8fa2435f18e,aflowlib.duke.edu:AFLOWDATA/LIB2_WEB/CSb/720.AB,225,cF8,"['C', 'Sb']","[0, 0]",,,,1.35775,2,29.2625,,,,,
C1Sb1,aflow:7ec2e1ac83071ec8,aflowlib.duke.edu:AFLOWDATA/LIB2_WEB/CSb/201,225,cF8,"['C', 'Sb']","[0, 0]",,,,1.35775,2,29.2625,,,,,
C1Sb1,aflow:bc13ec8b98af05b5,aflowlib.duke.edu:AFLOWDATA/LIB2_WEB/CSb/4,225,cF8,"['C', 'Sb']","[0, 0]",,,,1.35775,2,29.2635,,,,,
C1Sc1,aflow:4abee2d5b9e8b8e0,aflowlib.duke.edu:AFLOWDATA/LIB2_WEB/CSc_sv/720.BA,225,cF8,"['C', 'Sc']","[0, 0]",,,,-0.141558,2,25.7229,,,,,
C1Sc1,aflow:91f57e636b900282,aflowlib.duke.edu:AFLOWDATA/LIB2_WEB/CSc_sv/720.AB,225,cF8,"['C', 'Sc']","[0, 0]",,,,-0.14156,2,25.7194,,,,,
C1Sc1,aflow:ae57dbb8516508a7,aflowlib.duke.edu:AFLOWDATA/ICSD_WEB/FCC/C1Sc1_ICSD_181047,225,cF8,"['C', 'Sc']","[0, 0]",0.0,3.34434e-05,607.089,,2,26.9384,146.644,0.294489,69.843,180.822,28.7652
C1Sc1,aflow:b229b8f278353f2d,aflowlib.duke.edu:AFLOWDATA/LIB2_WEB/CSc_sv/4,225,cF8,"['C', 'Sc']","[0, 0]",,,,-0.14155,2,25.7265,,,,,
C1Sc1,aflow:d712f48afd00ad2b,aflowlib.duke.edu:AFLOWDATA/ICSD_WEB/FCC/C1Sc1_ICSD_43524,225,cF8,"['C', 'Sc']","[0, 0]",0.0,,,,2,26.9834,,,,,
C1Sc1,aflow:e9b28a327b4f0028,aflowlib.duke.edu:AFLOWDATA/ICSD_WEB/FCC/C1Sc1_ICSD_189084,225,cF8,"['C', 'Sc']","[0, 0]",0.0,,,,2,26.9381,,,,,
C1Sc1,aflow:ea12487434d5db82,aflowlib.duke.edu:AFLOWDATA/LIB2_WEB/CSc_sv/201,225,cF8,"['C', 'Sc']","[0, 0]",,3.35217e-05,595.138,-0.14156,2,25.7194,153.601,0.307883,67.6882,177.057,26.9782
C1Se1,aflow:2731dd63c9ffacef,aflowlib.duke.edu:AFLOWDATA/LIB2_WEB/CSe/4,225,cF8,"['C', 'Se']","[0, 0]",,,,1.92352,2,24.3962,,,,,
C1Se1,aflow:752ed53755f0762e,aflowlib.duke.edu:AFLOWDATA/LIB2_WEB/CSe/720.AB,225,cF8,"['C', 'Se']","[0, 0]",,,,1.9235,2,24.3951,,,,,
C1Se1,aflow:db5694ab69fe1311,aflowlib.duke.edu:AFLOWDATA/LIB2_WEB/CSe/201,225,cF8,"['C', 'Se']","[0, 0]",,,,1.9235,2,24.3951,,,,,
C1Se1,aflow:ef636bd6528e6bcd,aflowlib.duke.edu:AFLOWDATA/LIB2_WEB/CSe/720.BA,225,cF8,"['C', 'Se']","[0, 0]",,,,1.9235,2,24.3951,,,,,
C1Si1,aflow:03fd9a034edc5209,aflowlib.duke.edu:AFLOWDATA/LIB2_WEB/CSi/4,225,cF8,"['C', 'Si']","[0, 0]",,,,0.534812,2,16.6844,,,,,
C1Si1,aflow:0e5c7dd4d4402dff,aflowlib.duke.edu:AFLOWDATA/ICSD_WEB/FCC/C1Si1_ICSD_182362,225,cF8,"['C', 'Si']","[0, 0]",0.0,2.71302e-05,1026.21,0.535123,2,16.7055,242.211,0.206966,176.416,425.857,60.7937
C1Si1,aflow:45197fd0a3a23f9c,aflowlib.duke.edu:AFLOWDATA/LIB2_WEB/CSi/201,225,cF8,"['C', 'Si']","[0, 0]",,,,0.534804,2,16.6842,,,,,
C1Si1,aflow:6ecd750cae69a5af,aflowlib.duke.edu:AFLOWDATA/LIB2_WEB/CSi/720.BA,225,cF8,"['C', 'Si']","[0, 0]",,,,0.534804,2,16.6842,,,,,
C1Si1,aflow:ef32d5a7ebf3e5f2,aflowlib.duke.edu:AFLOWDATA/LIB2_WEB/CSi/720.AB,225,cF8,"['C', 'Si']","[0, 0]",,,,0.534804,2,16.6842,,,,,
C1Sn1,aflow:01f0334da2961bb4,aflowlib.duke.edu:AFLOWDATA/ICSD_WEB/FCC/C1Sn1_ICSD_182366,225,cF8,"['C', 'Sn']","[0, 0]",0.0,5.65259e-05,444.036,,2,29.3732,119.661,0.211036,85.6568,207.467,14.5718
C1Sn1,aflow:1e78c439814d5281,aflowlib.duke.edu:AFLOWDATA/LIB2_WEB/CSn/4,225,cF8,"['C', 'Sn']","[0, 0]",,,,1.25588,2,27.5724,,,,,
C1Sn1,aflow:4edd427104c9fb1b,aflowlib.duke.edu:AFLOWDATA/LIB2_WEB/CSn/720.BA,225,cF8,"['C', 'Sn']","[0, 0]",,,,1.25588,2,27.5679,,,,,
C1Sn1,aflow:9afc4e2c29b9f9ba,aflowlib.duke.edu:AFLOWDATA/LIB2_WEB/CSn/720.AB,225,cF8,"['C', 'Sn']","[0, 0]",,,,1.25588,2,27.5678,,,,,
C1Sn1,aflow:fb0d6579570dda0b,aflowlib.duke.edu:AFLOWDATA/LIB2_WEB/CSn/201,225,cF8,"['C', 'Sn']","[0, 0]",,,,1.25588,2,27.5678,,,,,
C1Sr1,aflow:53e685060123bff2,aflowlib.duke.edu:AFLOWDATA/LIB2_WEB/CSr_sv/201,225,cF8,"['C', 'Sr']","[0.835, 0.119]",,,,1.26401,2,45.7528,,,,,
C1Sr1,aflow:675313cff915f8b6,aflowlib.duke.edu:AFLOWDATA/LIB2_WEB/CSr_sv/4,225,cF8,"['C', 'Sr']","[0.835, 0.12]",,,,1.26414,2,45.7283,,,,,
C1Sr1,aflow:c6a8052f611726b7,aflowlib.duke.edu:AFLOWDATA/LIB2_WEB/CSr_sv/720.BA,225,cF8,"['C', 'Sr']","[0.835, 0.119]",,,,1.26401,2,45.7528,,,,,
C1Sr1,aflow:f0851c368b3f8138,aflowlib.duke.edu:AFLOWDATA/LIB2_WEB/CSr_sv/720.AB,225,cF8,"['C', 'Sr']","[0.835, 0.119]",,,,1.26401,2,45.7528,,,,,
C1Ta1,aflow:00a1069b6142347c,aflowlib.duke.edu:AFLOWDATA/ICSD_WEB/FCC/C1Ta1_ICSD_185979,225,cF8,"['C', 'Ta']","[0, 0]",0.0,,,,2,22.8488,,,,,
C1Ta1,aflow:0961d0e6049cfdf0,aflowlib.duke.edu:AFLOWDATA/ICSD_WEB/FCC/C1Ta1_ICSD_601144,225,cF8,"['C', 'Ta']","[0, 0]",0.0,,,,2,22.8579,,,,,
C1Ta1,aflow:0b9d4467cef30c36,aflowlib.duke.edu:AFLOWDATA/ICSD_WEB/FCC/C1Ta1_ICSD_618844,225,cF8,"['C', 'Ta']","[0, 0]",0.0,,,,2,22.8676,,,,,
C1Ta1,aflow:16b5cf4c60a289b4,aflowlib.duke.edu:AFLOWDATA/LIB2_WEB/CTa_pv/ICSD_618833.AB,225,cF8,"['C', 'Ta']","[0, 0]",,,,-0.580638,2,22.4693,,,,,
C1Ta1,aflow:181ba7fa2b2601c1,aflowlib.duke.edu:AFLOWDATA/ICSD_WEB/FCC/C1Ta1_ICSD_618841,225,cF8,"['C', 'Ta']","[0, 0]",0.0,,,,2,22.8676,,,,,
C1Ta1,aflow:1a09c2f90d68b88d,aflowlib.duke.edu:AFLOWDATA/ICSD_WEB/FCC/C1Ta1_ICSD_618846,225,cF8,"['C', 'Ta']","[0, 0]",0.0,,,,2,22.8825,,,,,
C1Ta1,aflow:1fa5bb5d729eb84c,aflowlib.duke.edu:AFLOWDATA/LIB2_WEB/CTa_pv/ICSD_618835.AB,225,cF8,"['C', 'Ta']","[0, 0]",,,,-0.580638,2,22.4693,,,,,
C1Ta1,aflow:20c624e111c9a9ca,aflowlib.duke.edu:AFLOWDATA/LIB2_WEB/CTa_pv/4,225,cF8,"['C', 'Ta']","[0, 0]",,,,-0.580548,2,22.4599,,,,,
C1Ta1,aflow:20e821530f762f35,aflowlib.duke.edu:AFLOWDATA/ICSD_WEB/FCC/C1Ta1_ICSD_618839,225,cF8,"['C', 'Ta']","[0, 0]",0.0,,,,2,22.8676,,,,,
C1Ta1,aflow:22bff7899889f374,aflowlib.duke.edu:AFLOWDATA/ICSD_WEB/FCC/C1Ta1_ICSD_618833,225,cF8,"['C', 'Ta']","[0, 0]",0.0,,,,2,22.8676,,,,,
C1Ta1,aflow:2391172d7af0e248,aflowlib.duke.edu:AFLOWDATA/ICSD_WEB/FCC/C1Ta1_ICSD_618831,225,cF8,"['C', 'Ta']","[0, 0]",0.0,,,,2,22.8486,,,,,
C1Ta1,aflow:30b8bfe5c6e7f866,aflowlib.duke.edu:AFLOWDATA/ICSD_WEB/FCC/C1Ta1_ICSD_44497,225,cF8,"['C', 'Ta']","[0, 0]",0.0,,,,2,22.8676,,,,,
C1Ta1,aflow:33a8e5c522b7752e,aflowlib.duke.edu:AFLOWDATA/LIB2_WEB/CTa_pv/ICSD_53974.AB,225,cF8,"['C', 'Ta']","[0, 0]",,,,-0.580638,2,22.4692,,,,,
C1Ta1,aflow:38df8e97de7a57f3,aflowlib.duke.edu:AFLOWDATA/LIB2_WEB/CTa_pv/ICSD_26956.AB,225,cF8,"['C', 'Ta']","[0, 0]",,,,-0.580638,2,22.4692,,,,,
C1Ta1,aflow:40082cf918ce5b7d,aflowlib.duke.edu:AFLOWDATA/ICSD_WEB/FCC/C1Ta1_ICSD_159879,225,cF8,"['C', 'Ta']","[0, 0]",0.0,,,,2,22.8838,,,,,
C1Ta1,aflow:4552a30e8e5a7e99,aflowlib.duke.edu:AFLOWDATA/ICSD_WEB/FCC/C1Ta1_ICSD_159877,225,cF8,"['C', 'Ta']","[0, 0]",0.0,,,,2,22.8676,,,,,
C1Ta1,aflow:486508c449f686ce,aflowlib.duke.edu:AFLOWDATA/LIB2_WEB/CTa_pv/ICSD_618820.AB,225,cF8,"['C', 'Ta']","[0, 0]",,,,-0.580638,2,22.4693,,,,,
C1Ta1,aflow:4d7bc1aa003d0bf5,aflowlib.duke.edu:AFLOWDATA/ICSD_WEB/FCC/C1Ta1_ICSD_618828,225,cF8,"['C', 'Ta']","[0, 0]",0.0,,,,2,22.8676,,,,,
C1Ta1,aflow:51ba51b5f336d6ee,aflowlib.duke.edu:AFLOWDATA/LIB2_WEB/CTa_pv/ICSD_38239.AB,225,cF8,"['C', 'Ta']","[0, 0]",,,,-0.580638,2,22.4692,,,,,
C1Ta1,aflow:53d63dba5b721b6a,aflowlib.duke.edu:AFLOWDATA/ICSD_WEB/FCC/C1Ta1_ICSD_618829,225,cF8,"['C', 'Ta']","[0, 0]",0.0,,,,2,22.8676,,,,,
C1Ta1,aflow:59370902f59973c3,aflowlib.duke.edu:AFLOWDATA/ICSD_WEB/FCC/C1Ta1_ICSD_159876,225,cF8,"['C', 'Ta']","[0, 0]",0.0,,,,2,22.8676,,,,,
C1Ta1,aflow:5a7db361d95c4b89,aflowlib.duke.edu:AFLOWDATA/ICSD_WEB/FCC/C1Ta1_ICSD_618836,225,cF8,"['C', 'Ta']","[0, 0]",0.0,,,,2,22.8676,,,,,
C1Ta1,aflow:5ec5d09d612077e7,aflowlib.duke.edu:AFLOWDATA/LIB2_WEB/CTa_pv/ICSD_155163.AB,225,cF8,"['C', 'Ta']","[0, 0]",,,,-0.580638,2,22.4692,,,,,
C1Ta1,aflow:6103d0dbe0ca7fcd,aflowlib.duke.edu:AFLOWDATA/LIB2_WEB/CTa_pv/ICSD_44497.AB,225,cF8,"['C', 'Ta']","[0, 0]",,,,-0.580638,2,22.4692,,,,,
C1Ta1,aflow:610c3651ef29f532,aflowlib.duke.edu:AFLOWDATA/ICSD_WEB/FCC/C1Ta1_ICSD_618830,225,cF8,"['C', 'Ta']","[0, 0]",0.0,,,,2,22.8676,,,,,
C1Ta1,aflow:6180206ef4d9c79f,aflowlib.duke.edu:AFLOWDATA/LIB2_WEB/CTa_pv/ICSD_618823.AB,225,cF8,"['C', 'Ta']","[0, 0]",,,,-0.580638,2,22.4693,,,,,
C1Ta1,aflow:665a13c2c6cf0629,aflowlib.duke.edu:AFLOWDATA/LIB2_WEB/CTa_pv/ICSD_43525.AB,225,cF8,"['C', 'Ta']","[0, 0]",,,,-0.580638,2,22.4692,,,,,
C1Ta1,aflow:69a7de99086ffee2,aflowlib.duke.edu:AFLOWDATA/ICSD_WEB/FCC/C1Ta1_ICSD_618835,225,cF8,"['C', 'Ta']","[0, 0]",0.0,,,,2,22.8676,,,,,
C1Ta1,aflow:71fe29c801d60a9b,aflowlib.duke.edu:AFLOWDATA/ICSD_WEB/FCC/C1Ta1_ICSD_618818,225,cF8,"['C', 'Ta']","[0, 0]",0.0,,,,2,22.8675,,,,,
C1Ta1,aflow:7443527ec9d352fe,aflowlib.duke.edu:AFLOWDATA/LIB2_WEB/CTa_pv/ICSD_618830.AB,225,cF8,"['C', 'Ta']","[0, 0]",,,,-0.580638,2,22.4693,,,,,
C1Ta1,aflow:7b5348a6157d93ea,aflowlib.duke.edu:AFLOWDATA/LIB2_WEB/CTa_pv/ICSD_618831.AB,225,cF8,"['C', 'Ta']","[0, 0]",,,,-0.580638,2,22.4693,,,,,
C1Ta1,aflow:834020e563939161,aflowlib.duke.edu:AFLOWDATA/LIB2_WEB/CTa_pv/720.BA,225,cF8,"['C', 'Ta']","[0, 0]",,,,-0.580638,2,22.4692,,,,,
C1Ta1,aflow:854da1ed42315d57,aflowlib.duke.edu:AFLOWDATA/LIB2_WEB/CTa_pv/ICSD_618828.AB,225,cF8,"['C', 'Ta']","[0, 0]",,,,-0.580638,2,22.4693,,,,,
C1Ta1,aflow:881507aee7292b90,aflowlib.duke.edu:AFLOWDATA/ICSD_WEB/FCC/C1Ta1_ICSD_38239,225,cF8,"['C', 'Ta']","[0, 0]",0.0,,,,2,22.8676,,,,,
C1Ta1,aflow:8c6d42961b45267a,aflowlib.duke.edu:AFLOWDATA/ICSD_WEB/FCC/C1Ta1_ICSD_180601,225,cF8,"['C', 'Ta']","[0, 0]",0.0,,,,2,22.8678,,,,,
C1Ta1,aflow:915d3d478dc28c31,aflowlib.duke.edu:AFLOWDATA/LIB2_WEB/CTa_pv/ICSD_601144.AB,225,cF8,"['C', 'Ta']","[0, 0]",,,,-0.580638,2,22.4693,,,,,
C1Ta1,aflow:91751653e073f9b0,aflowlib.duke.edu:AFLOWDATA/LIB2_WEB/CTa_pv/201,225,cF8,"['C', 'Ta']","[0, 0]",,1.93659e-05,563.069,-0.580638,2,22.4693,321.384,0.229615,212.011,521.383,64.3567
C1Ta1,aflow:918201aaf7b80b61,aflowlib.duke.edu:AFLOWDATA/ICSD_WEB/FCC/C1Ta1_ICSD_618847,225,cF8,"['C', 'Ta']","[0, 0]",0.0,,,,2,22.8676,,,,,
C1Ta1,aflow:9c445e42e645062e,aflowlib.duke.edu:AFLOWDATA/ICSD_WEB/FCC/C1Ta1_ICSD_43525,225,cF8,"['C', 'Ta']","[0, 0]",0.0,,,,2,22.8676,,,,,
C1Ta1,aflow:a5ca975066fda1e3,aflowlib.duke.edu:AFLOWDATA/ICSD_WEB/FCC/C1Ta1_ICSD_77406,225,cF8,"['C', 'Ta']","[0, 0]",0.0,,,,2,22.8676,,,,,
C1Ta1,aflow:aae8515c1b981633,aflowlib.duke.edu:AFLOWDATA/LIB2_WEB/CTa_pv/720.AB,225,cF8,"['C', 'Ta']","[0, 0]",,,,-0.580638,2,22.4693,,,,,
C1Ta1,aflow:ab12a4b4cd505ec1,aflowlib.duke.edu:AFLOWDATA/ICSD_WEB/FCC/C1Ta1_ICSD_53974,225,cF8,"['C', 'Ta']","[0, 0]",0.0,,,,2,22.8678,,,,,
C1Ta1,aflow:ad7c066ed15fcdc2,aflowlib.duke.edu:AFLOWDATA/LIB2_WEB/CTa_pv/ICSD_159875.AB,225,cF8,"['C', 'Ta']","[0, 0]",,,,-0.580638,2,22.4692,,,,,
C1Ta1,aflow:b1aafe2ec261f03a,aflowlib.duke.edu:AFLOWDATA/LIB2_WEB/CTa_pv/ICSD_618836.AB,225,cF8,"['C', 'Ta']","[0, 0]",,,,-0.580638,2,22.4693,,,,,
C1Ta1,aflow:c2e2176fd4eacf4c,aflowlib.duke.edu:AFLOWDATA/ICSD_WEB/FCC/C1Ta1_ICSD_618845,225,cF8,"['C', 'Ta']","[0, 0]",0.0,,,,2,22.8675,,,,,
C1Ta1,aflow:c5ee506123e7f983,aflowlib.duke.edu:AFLOWDATA/ICSD_WEB/FCC/C1Ta1_ICSD_618848,225,cF8,"['C', 'Ta']","[0, 0]",0.0,,,,2,22.8677,,,,,
C1Ta1,aflow:c646489e799d9f15,aflowlib.duke.edu:AFLOWDATA/LIB2_WEB/CTa_pv/ICSD_618832.AB,225,cF8,"['C', 'Ta']","[0, 0]",,,,-0.580638,2,22.4693,,,,,
C1Ta1,aflow:ca21dc29a0a89fd7,aflowlib.duke.edu:AFLOWDATA/ICSD_WEB/FCC/C1Ta1_ICSD_26956,225,cF8,"['C', 'Ta']","[0, 0]",0.0,,,,2,22.846,,,,,
C1Ta1,aflow:ca3d7f5c4b4eb740,aflowlib.duke.edu:AFLOWDATA/ICSD_WEB/FCC/C1Ta1_ICSD_618820,225,cF8,"['C', 'Ta']","[0, 0]",0.0,,,,2,22.8675,,,,,
C1Ta1,aflow:ceaa5f8a94b75c53,aflowlib.duke.edu:AFLOWDATA/LIB2_WEB/CTa_pv/ICSD_618825.AB,225,cF8,"['C', 'Ta']","[0, 0]",,,,-0.580638,2,22.4693,,,,,
C1Ta1,aflow:cfbdc4abb794e440,aflowlib.duke.edu:AFLOWDATA/LIB2_WEB/CTa_pv/ICSD_618818.AB,225,cF8,"['C', 'Ta']","[0, 0]",,,,-0.580638,2,22.4693,,,,,
C1Ta1,aflow:d2ab410fef99ea61,aflowlib.duke.edu:AFLOWDATA/ICSD_WEB/FCC/C1Ta1_ICSD_155163,225,cF8,"['C', 'Ta']","[0, 0]",0.0,1.9468e-05,548.016,,2,22.8677,315.444,0.237138,201.073,497.51,61.4198
C1Ta1,aflow:dcc40abe6b0f86cf,aflowlib.duke.edu:AFLOWDATA/ICSD_WEB/FCC/C1Ta1_ICSD_618832,225,cF8,"['C', 'Ta']","[0, 0]",0.0,,,,2,22.8676,,,,,
C1Ta1,aflow:e121c232244616bd,aflowlib.duke.edu:AFLOWDATA/LIB2_WEB/CTa_pv/ICSD_618829.AB,225,cF8,"['C', 'Ta']","[0, 0]",,,,-0.580638,2,22.4693,,,,,
C1Ta1,aflow:e3d5a4d5bd41ef84,aflowlib.duke.edu:AFLOWDATA/ICSD_WEB/FCC/C1Ta1_ICSD_159875,225,cF8,"['C', 'Ta']","[0, 0]",0.0,,,,2,22.8676,,,,,
C1Ta1,aflow:e63c5666c27e9b1f,aflowlib.duke.edu:AFLOWDATA/ICSD_WEB/FCC/C1Ta1_ICSD_159878,225,cF8,"['C', 'Ta']","[0, 0]",0.0,,,,2,22.8583,,,,,
C1Ta1,aflow:e8bc650401ecd1c7,aflowlib.duke.edu:AFLOWDATA/ICSD_WEB/FCC/C1Ta1_ICSD_618838,225,cF8,"['C', 'Ta']","[0, 0]",0.0,,,,2,22.8676,,,,,
C1Ta1,aflow:eca002149c7cf51c,aflowlib.duke.edu:AFLOWDATA/ICSD_WEB/FCC/C1Ta1_ICSD_618843,225,cF8,"['C', 'Ta']","[0, 0]",0.0,,,,2,22.8486,,,,,
C1Ta1,aflow:f299bb3f69aebfc2,aflowlib.duke.edu:AFLOWDATA/ICSD_WEB/FCC/C1Ta1_ICSD_618823,225,cF8,"['C', 'Ta']","[0, 0]",0.0,,,,2,22.8676,,,,,
C1Ta1,aflow:f8194963d36097b7,aflowlib.duke.edu:AFLOWDATA/ICSD_WEB/FCC/C1Ta1_ICSD_618837,225,cF8,"['C', 'Ta']","[0, 0]",0.0,,,,2,22.8676,,,,,
C1Ta1,aflow:f9bb14f141a9478e,aflowlib.duke.edu:AFLOWDATA/ICSD_WEB/FCC/C1Ta1_ICSD_618825,225,cF8,"['C', 'Ta']","[0, 0]",0.0,,,,2,22.8799,,,,,
C1Tc1,aflow:3faccddce4b6bc29,aflowlib.duke.edu:AFLOWDATA/ICSD_WEB/FCC/C1Tc1_ICSD_183167,225,cF8,"['C', 'Tc']","[-0.114, 1.385]",0.0,5.51523e-05,439.187,,2,20.8619,230.128,0.362243,69.8152,190.211,5.40894
C1Tc1,aflow:5eacfd5dec85710f,aflowlib.duke.edu:AFLOWDATA/LIB2_WEB/CTc_pv/201,225,cF8,"['C', 'Tc']","[0, 0]",,,,0.644485,2,20.3855,,,,,
C1Tc1,aflow:9607d791266203cd,aflowlib.duke.edu:AFLOWDATA/LIB2_WEB/CTc_pv/720.AB,225,cF8,"['C', 'Tc']","[0, 0]",,,,0.644485,2,20.3855,,,,,
C1Tc1,aflow:be238f170a039d18,aflowlib.duke.edu:AFLOWDATA/LIB2_WEB/CTc_pv/720.BA,225,cF8,"['C', 'Tc']","[0, 0]",,,,0.644485,2,20.3855,,,,,
C1Te1,aflow:2195db312fa04fd9,aflowlib.duke.edu:AFLOWDATA/LIB2_WEB/CTe/4,225,cF8,"['C', 'Te']","[0, 0]",,,,1.84369,2,31.2088,,,,,
C1Te1,aflow:6b9ad8a25de9312f,aflowlib.duke.edu:AFLOWDATA/LIB2_WEB/CTe/201,225,cF8,"['C', 'Te']","[0, 0]",,,,1.84368,2,31.2115,,,,,
C1Te1,aflow:c50bbf16ed97784c,aflowlib.duke.edu:AFLOWDATA/LIB2_WEB/CTe/720.BA,225,cF8,"['C', 'Te']","[0, 0]",,,,1.84368,2,31.2115,,,,,
C1Te1,aflow:c9f55caf944d41cb,aflowlib.duke.edu:AFLOWDATA/LIB2_WEB/CTe/720.AB,225,cF8,"['C', 'Te']","[0, 0]",,,,1.84368,2,31.2115,,,,,
C1Th1,aflow:1ddcc76d17ed6d55,aflowlib.duke.edu:AFLOWDATA/ICSD_WEB/FCC/C1Th1_ICSD_618902,225,cF8,"['C', 'Th']","[0, 0]",0.0,,,,2,41.1359,,,,,
C1Th1,aflow:238f96022bf7e8d1,aflowlib.duke.edu:AFLOWDATA/ICSD_WEB/FCC/C1Th1_ICSD_618913,225,cF8,"['C', 'Th']","[0, 0]",0.0,,,,2,41.1393,,,,,
C1Th1,aflow:3dc6b8a9609e0455,aflowlib.duke.edu:AFLOWDATA/ICSD_WEB/FCC/C1Th1_ICSD_618904,225,cF8,"['C', 'Th']","[0, 0]",0.0,,,,2,41.1408,,,,,
C1Th1,aflow:42b7acb6996d9760,aflowlib.duke.edu:AFLOWDATA/ICSD_WEB/FCC/C1Th1_ICSD_618899,225,cF8,"['C', 'Th']","[0, 0]",0.0,,,,2,41.1389,,,,,
C1Th1,aflow:4e03466d19a9aba3,aflowlib.duke.edu:AFLOWDATA/ICSD_WEB/FCC/C1Th1_ICSD_260883,225,cF8,"['C', 'Th']","[0, 0]",0.0,2.4455e-05,355.982,,2,41.1824,147.5,0.250005,88.4978,221.245,29.595
C1Th1,aflow:7a3f49fc327e7694,aflowlib.duke.edu:AFLOWDATA/ICSD_WEB/FCC/C1Th1_ICSD_618905,225,cF8,"['C', 'Th']","[0, 0]",0.0,,,,2,41.1386,,,,,
C1Th1,aflow:a91b144af0ec8849,aflowlib.duke.edu:AFLOWDATA/ICSD_WEB/FCC/C1Th1_ICSD_618907,225,cF8,"['C', 'Th']","[0, 0]",0.0,,,,2,41.1424,,,,,
C1Th1,aflow:dd50930fc6a66192,aflowlib.duke.edu:AFLOWDATA/ICSD_WEB/FCC/C1Th1_ICSD_618908,225,cF8,"['C', 'Th']","[0, 0]",0.0,,,,2,41.1344,,,,,
C1Th1,aflow:e28ad0674b36165d,aflowlib.duke.edu:AFLOWDATA/ICSD_WEB/FCC/C1Th1_ICSD_43378,225,cF8,"['C', 'Th']","[0, 0]",0.0,,,,2,41.1399,,,,,
C1Th1,aflow:eda4a462306d26f8,aflowlib.duke.edu:AFLOWDATA/ICSD_WEB/FCC/C1Th1_ICSD_618910,225,cF8,"['C', 'Th']","[0, 0]",0.0,,,,2,41.1392,,,,,
C1Ti1,aflow:041bfb79b9a2bac7,aflowlib.duke.edu:AFLOWDATA/ICSD_WEB/FCC/C1Ti1_ICSD_618935,225,cF8,"['C', 'Ti']","[0, 0]",0.0,,,,2,21.3972,,,,,
C1Ti1,aflow:0b13395577c87e3b,aflowlib.duke.edu:AFLOWDATA/ICSD_WEB/FCC/C1Ti1_ICSD_618934,225,cF8,"['C', 'Ti']","[0, 0]",0.0,,,,2,21.3974,,,,,
C1Ti1,aflow:0bc31ae48488ab25,aflowlib.duke.edu:AFLOWDATA/ICSD_WEB/FCC/C1Ti1_ICSD_618940,225,cF8,"['C', 'Ti']","[0, 0]",0.0,,,,2,21.395,,,,,
C1Ti1,aflow:0c755685b23efa1c,aflowlib.duke.edu:AFLOWDATA/ICSD_WEB/FCC/C1Ti1_ICSD_618946,225,cF8,"['C', 'Ti']","[0, 0]",0.0,,,,2,21.3942,,,,,
C1Ti1,aflow:0c7905bad7cc0ac5,aflowlib.duke.edu:AFLOWDATA/ICSD_WEB/FCC/C1Ti1_ICSD_658339,225,cF8,"['C', 'Ti']","[0, 0]",0.0,,,,2,21.4064,,,,,
C1Ti1,aflow:16b8970d5a033170,aflowlib.duke.edu:AFLOWDATA/LIB2_WEB/CTi_sv/201,225,cF8,"['C', 'Ti']","[0, 0]",,2.10396e-05,890.952,-0.817982,2,20.4032,250.112,0.211539,178.651,432.886,84.6612
C1Ti1,aflow:2a3e1a495e3c1d6b,aflowlib.duke.edu:AFLOWDATA/ICSD_WEB/FCC/C1Ti1_ICSD_159871,225,cF8,"['C', 'Ti']","[0, 0]",0.0,,,,2,21.3947,,,,,
C1Ti1,aflow:45e3b1a9239738b0,aflowlib.duke.edu:AFLOWDATA/ICSD_WEB/FCC/C1Ti1_ICSD_618930,225,cF8,"['C', 'Ti']","[0, 0]",0.0,,,,2,21.397,,,,,
C1Ti1,aflow:4b6741aab78361e5,aflowlib.duke.edu:AFLOWDATA/ICSD_WEB/FCC/C1Ti1_ICSD_618932,225,cF8,"['C', 'Ti']","[0, 0]",0.0,,,,2,21.3826,,,,,
C1Ti1,aflow:5925459c05d08c80,aflowlib.duke.edu:AFLOWDATA/ICSD_WEB/FCC/C1Ti1_ICSD_44494,225,cF8,"['C', 'Ti']","[0, 0]",0.0,,,,2,21.3874,,,,,
C1Ti1,aflow:5e033b31e3e984af,aflowlib.duke.edu:AFLOWDATA/ICSD_WEB/FCC/C1Ti1_ICSD_618928,225,cF8,"['C', 'Ti']","[0, 0]",0.0,,,,2,21.3955,,,,,
C1Ti1,aflow:692d595b81e51b22,aflowlib.duke.edu:AFLOWDATA/ICSD_WEB/FCC/C1Ti1_ICSD_618933,225,cF8,"['C', 'Ti']","[0, 0]",0.0,,,,2,21.3963,,,,,
C1Ti1,aflow:6c5a5935e976be3a,aflowlib.duke.edu:AFLOWDATA/ICSD_WEB/FCC/C1Ti1_ICSD_181681,225,cF8,"['C', 'Ti']","[0, 0]",0.0,,,,2,21.341,,,,,
C1Ti1,aflow:77c0b4e861dd7054,aflowlib.duke.edu:AFLOWDATA/ICSD_WEB/FCC/C1Ti1_ICSD_658392,225,cF8,"['C', 'Ti']","[0, 0]",0.0,,,,2,21.3962,,,,,
C1Ti1,aflow:77fc54fae68cc777,aflowlib.duke.edu:AFLOWDATA/ICSD_WEB/FCC/C1Ti1_ICSD_618926,225,cF8,"['C', 'Ti']","[0, 0]",0.0,,,,2,21.396,,,,,
C1Ti1,aflow:781a911dafe9a437,aflowlib.duke.edu:AFLOWDATA/LIB2_WEB/CTi_sv/720.BA,225,cF8,"['C', 'Ti']","[0, 0]",,,,-0.817982,2,20.4031,,,,,
C1Ti1,aflow:79832470bf202467,aflowlib.duke.edu:AFLOWDATA/ICSD_WEB/FCC/C1Ti1_ICSD_618931,225,cF8,"['C', 'Ti']","[0, 0]",0.0,,,,2,21.3967,,,,,
C1Ti1,aflow:7e5acebb9aadd498,aflowlib.duke.edu:AFLOWDATA/LIB2_WEB/CTi_sv/4,225,cF8,"['C', 'Ti']","[0, 0]",,,,-0.817987,2,20.4026,,,,,
C1Ti1,aflow:853b4eb6bf154140,aflowlib.duke.edu:AFLOWDATA/ICSD_WEB/FCC/C1Ti1_ICSD_618929,225,cF8,"['C', 'Ti']","[0, 0]",0.0,,,,2,21.3957,,,,,
C1Ti1,aflow:8b39b4104ab90f8f,aflowlib.duke.edu:AFLOWDATA/ICSD_WEB/FCC/C1Ti1_ICSD_618944,225,cF8,"['C', 'Ti']","[0, 0]",0.0,,,,2,21.3948,,,,,
C1Ti1,aflow:909fda1367033e9d,aflowlib.duke.edu:AFLOWDATA/ICSD_WEB/FCC/C1Ti1_ICSD_618942,225,cF8,"['C', 'Ti']","[0, 0]",0.0,,,,2,21.395,,,,,
C1Ti1,aflow:9508a58c4b74bdba,aflowlib.duke.edu:AFLOWDATA/LIB2_WEB/CTi_sv/720.AB,225,cF8,"['C', 'Ti']","[0, 0]",,,,-0.817982,2,20.4032,,,,,
C1Ti1,aflow:9c88630aefd2f245,aflowlib.duke.edu:AFLOWDATA/ICSD_WEB/FCC/C1Ti1_ICSD_618922,225,cF8,"['C', 'Ti']","[0, 0]",0.0,,,,2,21.395,,,,,
C1Ti1,aflow:a1b457b8db036e71,aflowlib.duke.edu:AFLOWDATA/ICSD_WEB/FCC/C1Ti1_ICSD_618927,225,cF8,"['C', 'Ti']","[0, 0]",0.0,,,,2,21.4058,,,,,
C1Ti1,aflow:abc7ae3e2778df4d,aflowlib.duke.edu:AFLOWDATA/ICSD_WEB/FCC/C1Ti1_ICSD_618948,225,cF8,"['C', 'Ti']","[0, 0]",0.0,,,,2,21.3962,,,,,
C1Ti1,aflow:b0d41ed27a6ab1dc,aflowlib.duke.edu:AFLOWDATA/ICSD_WEB/FCC/C1Ti1_ICSD_618925,225,cF8,"['C', 'Ti']","[0, 0]",0.0,,,,2,21.3964,,,,,
C1Ti1,aflow:ba8d9b4b90e96c63,aflowlib.duke.edu:AFLOWDATA/LIB2_WEB/CTi_sv/ICSD_1546.AB,225,cF8,"['C', 'Ti']","[0, 0]",,,,-0.817982,2,20.4031,,,,,
C1Ti1,aflow:bc6e15b70fe8eac2,aflowlib.duke.edu:AFLOWDATA/ICSD_WEB/FCC/C1Ti1_ICSD_93504,225,cF8,"['C', 'Ti']","[0, 0]",0.0,,,,2,21.4028,,,,,
C1Ti1,aflow:bdbad8748004b207,aflowlib.duke.edu:AFLOWDATA/ICSD_WEB/FCC/C1Ti1_ICSD_26952,225,cF8,"['C', 'Ti']","[0, 0]",0.0,,,,2,21.3969,,,,,
C1Ti1,aflow:d08cda291fab8c33,aflowlib.duke.edu:AFLOWDATA/ICSD_WEB/FCC/C1Ti1_ICSD_1546,225,cF8,"['C', 'Ti']","[0, 0]",0.0,,,,2,21.3973,,,,,
C1Ti1,aflow:d6422c477caae2a3,aflowlib.duke.edu:AFLOWDATA/ICSD_WEB/FCC/C1Ti1_ICSD_180598,225,cF8,"['C', 'Ti']","[0, 0]",0.0,,,,2,21.4051,,,,,
C1Ti1,aflow:d9111f1acb7b9aa2,aflowlib.duke.edu:AFLOWDATA/ICSD_WEB/FCC/C1Ti1_ICSD_181783,225,cF8,"['C', 'Ti']","[0, 0]",0.0,,,,2,21.3982,,,,,
C1Ti1,aflow:dd9ba1426a59901e,aflowlib.duke.edu:AFLOWDATA/ICSD_WEB/FCC/C1Ti1_ICSD_151365,225,cF8,"['C', 'Ti']","[0, 0]",0.0,2.04122e-05,900.926,,2,21.3903,238.772,0.201768,177.762,427.257,91.4544
C1Ti1,aflow:e8bf76b97d8294b4,aflowlib.duke.edu:AFLOWDATA/ICSD_WEB/FCC/C1Ti1_ICSD_618951,225,cF8,"['C', 'Ti']","[0, 0]",0.0,,,,2,21.3855,,,,,
C1Ti1,aflow:efe5d613d005ba48,aflowlib.duke.edu:AFLOWDATA/ICSD_WEB/FCC/C1Ti1_ICSD_618936,225,cF8,"['C', 'Ti']","[0, 0]",0.0,,,,2,21.3794,,,,,
C1Ti1,aflow:f8601d0bd9d1359d,aflowlib.duke.edu:AFLOWDATA/ICSD_WEB/FCC/C1Ti1_ICSD_618945,225,cF8,"['C', 'Ti']","[0, 0]",0.0,,,,2,21.3993,,,,,
C1Ti1,aflow:f8833ffc26dc175d,aflowlib.duke.edu:AFLOWDATA/ICSD_WEB/FCC/C1Ti1_ICSD_618947,225,cF8,"['C', 'Ti']","[0, 0]",0.0,,,,2,21.3998,,,,,
C1Ti1,aflow:f9bc3fcf4eb308a1,aflowlib.duke.edu:AFLOWDATA/ICSD_WEB/FCC/C1Ti1_ICSD_618941,225,cF8,"['C', 'Ti']","[0, 0]",0.0,,,,2,21.3957,,,,,
C1Ti1,aflow:fca1a49565d4c618,aflowlib.duke.edu:AFLOWDATA/ICSD_WEB/FCC/C1Ti1_ICSD_184912,225,cF8,"['C', 'Ti']","[0, 0]",0.0,,,,2,21.4003,,,,,
C1Tl1,aflow:08ab16fce5f5c852,aflowlib.duke.edu:AFLOWDATA/LIB2_WEB/CTl_d/4,225,cF8,"['C', 'Tl']","[0, 0]",,,,2.10551,2,31.9901,,,,,
C1Tl1,aflow:50a5847f088308f0,aflowlib.duke.edu:AFLOWDATA/LIB2_WEB/CTl_d/201,225,cF8,"['C', 'Tl']","[0, 0]",,,,2.10549,2,31.9911,,,,,
C1Tl1,aflow:87aa7a76ded20ac3,aflowlib.duke.edu:AFLOWDATA/LIB2_WEB/CTl_d/720.AB,225,cF8,"['C', 'Tl']","[0, 0]",,,,2.10549,2,31.9911,,,,,
C1Tl1,aflow:becbc8b7468a7e42,aflowlib.duke.edu:AFLOWDATA/ICSD_WEB/FCC/C1Tl1_ICSD_618972,225,cF8,"['C', 'Tl']","[0, 0]",0.0,8.53159e-05,221.86,2.10401,2,31.9873,85.1167,0.329857,32.6696,86.8919,2.90536
C1Tl1,aflow:e58dcd46603ab245,aflowlib.duke.edu:AFLOWDATA/LIB2_WEB/CTl_d/720.BA,225,cF8,"['C', 'Tl']","[0, 0]",,,,2.10549,2,31.9911,,,,,
C1U1,aflow:05ba6e362bfbd4d3,aflowlib.duke.edu:AFLOWDATA/ICSD_WEB/FCC/C1U1_ICSD_619018,225,cF8,"['C', 'U']","[0, 0]",0.0,,,,2,30.9616,,,,,
C1U1,aflow:0f860c677c9278f3,aflowlib.duke.edu:AFLOWDATA/ICSD_WEB/FCC/C1U1_ICSD_44357,225,cF8,"['C', 'U']","[0, 0]",0.0,,,,2,30.976,,,,,
C1U1,aflow:16c200c3f5df40f1,aflowlib.duke.edu:AFLOWDATA/ICSD_WEB/FCC/C1U1_ICSD_618997,225,cF8,"['C', 'U']","[-0.025, 0.198]",0.0,,,,2,31.4215,,,,,
C1U1,aflow:18a7eb5631213290,aflowlib.duke.edu:AFLOWDATA/ICSD_WEB/FCC/C1U1_ICSD_619027,225,cF8,"['C', 'U']","[-0.025, 0.248]",0.0,,,,2,30.9254,,,,,
C1U1,aflow:1a7fd5390ef6511f,aflowlib.duke.edu:AFLOWDATA/ICSD_WEB/FCC/C1U1_ICSD_619023,225,cF8,"['C', 'U']","[-0.029, 0.282]",0.0,,,,2,31.0161,,,,,
C1U1,aflow:1e8a26d287d0fd93,aflowlib.duke.edu:AFLOWDATA/ICSD_WEB/FCC/C1U1_ICSD_619004,225,cF8,"['C', 'U']","[-0.025, 0.198]",0.0,,,,2,31.4215,,,,,
C1U1,aflow:1f94494a8e98e350,aflowlib.duke.edu:AFLOWDATA/ICSD_WEB/FCC/C1U1_ICSD_619012,225,cF8,"['C', 'U']","[-0.03, 0.283]",0.0,,,,2,31.072,,,,,
C1U1,aflow:29a36b1de17111e6,aflowlib.duke.edu:AFLOWDATA/ICSD_WEB/FCC/C1U1_ICSD_619026,225,cF8,"['C', 'U']","[0, 0]",0.0,,,,2,30.9516,,,,,
C1U1,aflow:39682a567bd1dac1,aflowlib.duke.edu:AFLOWDATA/ICSD_WEB/FCC/C1U1_ICSD_618992,225,cF8,"['C', 'U']","[-0.029, 0.282]",0.0,,,,2,31.0161,,,,,
C1U1,aflow:480ee785f2f98b61,aflowlib.duke.edu:AFLOWDATA/ICSD_WEB/FCC/C1U1_ICSD_619002,225,cF8,"['C', 'U']","[-0.03, 0.283]",0.0,,,,2,31.072,,,,,
C1U1,aflow:56c3a2b274142169,aflowlib.duke.edu:AFLOWDATA/ICSD_WEB/FCC/C1U1_ICSD_26476,225,cF8,"['C', 'U']","[-0.025, 0.249]",0.0,,,,2,30.8488,,,,,
C1U1,aflow:5c46954112ecc963,aflowlib.duke.edu:AFLOWDATA/ICSD_WEB/FCC/C1U1_ICSD_619017,225,cF8,"['C', 'U']","[-0.03, 0.283]",0.0,,,,2,31.072,,,,,
C1U1,aflow:61089076037e5aad,aflowlib.duke.edu:AFLOWDATA/ICSD_WEB/FCC/C1U1_ICSD_160448,225,cF8,"['C', 'U']","[0, 0]",0.0,,,,2,30.9599,,,,,
C1U1,aflow:67124857a6b04882,aflowlib.duke.edu:AFLOWDATA/ICSD_WEB/FCC/C1U1_ICSD_619010,225,cF8,"['C', 'U']","[-0.025, 0.198]",0.0,,,,2,31.4215,,,,,
C1U1,aflow:89355505fdeeb5cc,aflowlib.duke.edu:AFLOWDATA/ICSD_WEB/FCC/C1U1_ICSD_619020,225,cF8,"['C', 'U']","[-0.029, 0.282]",0.0,,,,2,31.0161,,,,,
C1U1,aflow:a84546a5cc43f8b4,aflowlib.duke.edu:AFLOWDATA/ICSD_WEB/FCC/C1U1_ICSD_77560,225,cF8,"['C', 'U']","[-0.018, 0.123]",0.0,,,,2,30.74,,,,,
C1U1,aflow:b667da232539a613,aflowlib.duke.edu:AFLOWDATA/ICSD_WEB/FCC/C1U1_ICSD_619025,225,cF8,"['C', 'U']","[-0.023, 0.182]",0.0,,,,2,30.6909,,,,,
C1U1,aflow:c4aa0e9d9153045f,aflowlib.duke.edu:AFLOWDATA/ICSD_WEB/FCC/C1U1_ICSD_619011,225,cF8,"['C', 'U']","[-0.028, 0.277]",0.0,,,,2,31.0258,,,,,
C1U1,aflow:c516282d6bfdef45,aflowlib.duke.edu:AFLOWDATA/ICSD_WEB/FCC/C1U1_ICSD_619015,225,cF8,"['C', 'U']","[-0.029, 0.278]",0.0,,,,2,31.0716,,,,,
C1U1,aflow:d4ab8c569c14917f,aflowlib.duke.edu:AFLOWDATA/ICSD_WEB/FCC/C1U1_ICSD_619000,225,cF8,"['C', 'U']","[0, 0]",0.0,,,,2,30.9248,,,,,
C1U1,aflow:e6213897942b7cbf,aflowlib.duke.edu:AFLOWDATA/ICSD_WEB/FCC/C1U1_ICSD_168163,225,cF8,"['C', 'U']","[-0.025, 0.209]",0.0,,,,2,30.9785,,,,,
C1U1,aflow:e8b52a68108242ee,aflowlib.duke.edu:AFLOWDATA/ICSD_WEB/FCC/C1U1_ICSD_619013,225,cF8,"['C', 'U']","[-0.025, 0.198]",0.0,,,,2,31.4215,,,,,
C1U1,aflow:ec41d02d09c11c86,aflowlib.duke.edu:AFLOWDATA/ICSD_WEB/FCC/C1U1_ICSD_24218,225,cF8,"['C', 'U']","[0, 0]",0.0,,,,2,30.9599,,,,,
C1V1,aflow:111140bc4890194b,aflowlib.duke.edu:AFLOWDATA/ICSD_WEB/FCC/C1V1_ICSD_22263,225,cF8,"['C', 'V']","[0, 0]",0.0,,,,2,18.4001,,,,,
C1V1,aflow:1f812d83f38223d6,aflowlib.duke.edu:AFLOWDATA/ICSD_WEB/FCC/C1V1_ICSD_619075,225,cF8,"['C', 'V']","[0, 0]",0.0,,,,2,18.4011,,,,,
C1V1,aflow:2e88bdba4ec7a34f,aflowlib.duke.edu:AFLOWDATA/ICSD_WEB/FCC/C1V1_ICSD_619077,225,cF8,"['C', 'V']","[-0.001, 0.005]",0.0,,,,2,18.4061,,,,,
C1V1,aflow:3e20a738e3c3e939,aflowlib.duke.edu:AFLOWDATA/ICSD_WEB/FCC/C1V1_ICSD_619055,225,cF8,"['C', 'V']","[0, 0]",0.0,,,,2,18.3958,,,,,
C1V1,aflow:3f3778a47af9eeb3,aflowlib.duke.edu:AFLOWDATA/ICSD_WEB/FCC/C1V1_ICSD_619061,225,cF8,"['C', 'V']","[0, 0]",0.0,,,,2,18.3958,,,,,
C1V1,aflow:5c910cff9e22a420,aflowlib.duke.edu:AFLOWDATA/ICSD_WEB/FCC/C1V1_ICSD_619071,225,cF8,"['C', 'V']","[-0.001, 0.005]",0.0,,,,2,18.407,,,,,
C1V1,aflow:62d8a1109954d61f,aflowlib.duke.edu:AFLOWDATA/ICSD_WEB/FCC/C1V1_ICSD_77563,225,cF8,"['C', 'V']","[-0.001, 0.005]",0.0,,,,2,18.407,,,,,
C1V1,aflow:6ef93ac9f46062a8,aflowlib.duke.edu:AFLOWDATA/ICSD_WEB/FCC/C1V1_ICSD_159870,225,cF8,"['C', 'V']","[0, 0]",0.0,1.92733e-05,941.103,,2,18.3993,295.661,0.206732,215.561,520.248,96.1928
C1V1,aflow:724cf2af90db4e37,aflowlib.duke.edu:AFLOWDATA/ICSD_WEB/FCC/C1V1_ICSD_26953,225,cF8,"['C', 'V']","[0, 0]",0.0,,,,2,18.3976,,,,,
C1V1,aflow:72561853043b646a,aflowlib.duke.edu:AFLOWDATA/ICSD_WEB/FCC/C1V1_ICSD_619066,225,cF8,"['C', 'V']","[0, 0]",0.0,,,,2,18.3986,,,,,
C1V1,aflow:7df4494377acab5a,aflowlib.duke.edu:AFLOWDATA/ICSD_WEB/FCC/C1V1_ICSD_181051,225,cF8,"['C', 'V']","[0, 0]",0.0,,,,2,18.3938,,,,,
C1V1,aflow:8369ac0a0260cb05,aflowlib.duke.edu:AFLOWDATA/ICSD_WEB/FCC/C1V1_ICSD_619074,225,cF8,"['C', 'V']","[0, 0]",0.0,,,,2,18.406,,,,,
C1V1,aflow:8b5f884504829e1b,aflowlib.duke.edu:AFLOWDATA/LIB2_WEB/CV_sv/201,225,cF8,"['C', 'V']","[0, 0]",,1.9637e-05,923.975,-0.417541,2,18.0465,304.739,0.220996,208.903,510.14,87.7031
C1V1,aflow:8d30a5363dd872da,aflowlib.duke.edu:AFLOWDATA/ICSD_WEB/FCC/C1V1_ICSD_619067,225,cF8,"['C', 'V']","[0, 0]",0.0,,,,2,18.3986,,,,,
C1V1,aflow:8dbc904f852bdf99,aflowlib.duke.edu:AFLOWDATA/ICSD_WEB/FCC/C1V1_ICSD_619054,225,cF8,"['C', 'V']","[0, 0]",0.0,,,,2,18.3986,,,,,
C1V1,aflow:8ded1b36d7a42da9,aflowlib.duke.edu:AFLOWDATA/ICSD_WEB/FCC/C1V1_ICSD_619056,225,cF8,"['C', 'V']","[0, 0]",0.0,,,,2,18.41,,,,,
C1V1,aflow:8e76017762757622,aflowlib.duke.edu:AFLOWDATA/LIB2_WEB/CV_sv/ICSD_22263.AB,225,cF8,"['C', 'V']","[0, 0]",,,,-0.417541,2,18.0465,,,,,
C1V1,aflow:bf155aa5066ebc79,aflowlib.duke.edu:AFLOWDATA/ICSD_WEB/FCC/C1V1_ICSD_619049,225,cF8,"['C', 'V']","[0, 0]",0.0,,,,2,18.3986,,,,,
C1V1,aflow:c022bd1db7c1886c,aflowlib.duke.edu:AFLOWDATA/LIB2_WEB/CV_sv/720.AB,225,cF8,"['C', 'V']","[0, 0]",,,,-0.417541,2,18.0462,,,,,
C1V1,aflow:c847914e3c1cfe89,aflowlib.duke.edu:AFLOWDATA/LIB2_WEB/CV_sv/720.BA,225,cF8,"['C', 'V']","[0, 0]",,,,-0.417541,2,18.0462,,,,,
C1V1,aflow:d5de321c3408bbea,aflowlib.duke.edu:AFLOWDATA/ICSD_WEB/FCC/C1V1_ICSD_619057,225,cF8,"['C', 'V']","[0, 0]",0.0,,,,2,18.3994,,,,,
C1V1,aflow:ddddd47e0d1a9920,aflowlib.duke.edu:AFLOWDATA/LIB2_WEB/CV_sv/4,225,cF8,"['C', 'V']","[0, 0]",,,,-0.417512,2,18.046,,,,,
C1V1,aflow:fa0898b2eb95db63,aflowlib.duke.edu:AFLOWDATA/ICSD_WEB/FCC/C1V1_ICSD_619079,225,cF8,"['C', 'V']","[0, 0]",0.0,,,,2,18.3958,,,,,
C1V1,aflow:fd8c7e27777297d8,aflowlib.duke.edu:AFLOWDATA/ICSD_WEB/FCC/C1V1_ICSD_619065,225,cF8,"['C', 'V']","[0, 0]",0.0,,,,2,18.3986,,,,,
C1W1,aflow:3ba33e48dfe4bc47,aflowlib.duke.edu:AFLOWDATA/LIB2_WEB/CW_pv/ICSD_162417.AB,225,cF8,"['C', 'W']","[0, 0]",,,,0.323249,2,21.1583,,,,,
C1W1,aflow:3f3f90aa4d09e98b,aflowlib.duke.edu:AFLOWDATA/LIB2_WEB/CW_pv/201,225,cF8,"['C', 'W']","[0, 0]",,1.99439e-05,470.028,0.323249,2,21.1583,364.103,0.319009,149.884,395.396,34.3509
C1W1,aflow:52a41a645fcadd87,aflowlib.duke.edu:AFLOWDATA/LIB2_WEB/CW_pv/720.BA,225,cF8,"['C', 'W']","[0, 0]",,,,0.323249,2,21.1583,,,,,
C1W1,aflow:6829fe1cf33a61ed,aflowlib.duke.edu:AFLOWDATA/ICSD_WEB/FCC/C1W1_ICSD_162417,225,cF8,"['C', 'W']","[0, 0]",0.0,,,,2,21.381,,,,,
C1W1,aflow:7f50cbb35f81a8d2,aflowlib.duke.edu:AFLOWDATA/ICSD_WEB/FCC/C1W1_ICSD_185980,225,cF8,"['C', 'W']","[0, 0]",0.0,,,,2,21.3803,,,,,
C1W1,aflow:870b2f189ea048d2,aflowlib.duke.edu:AFLOWDATA/ICSD_WEB/FCC/C1W1_ICSD_167896,225,cF8,"['C', 'W']","[0, 0]",0.0,1.95616e-05,509.047,,2,21.3742,357.694,0.286673,177.914,457.835,44.9704
C1W1,aflow:c69489fa75f20757,aflowlib.duke.edu:AFLOWDATA/LIB2_WEB/CW_pv/4,225,cF8,"['C', 'W']","[0, 0]",,,,0.323272,2,21.1552,,,,,
C1W1,aflow:d271a00fd1507c60,aflowlib.duke.edu:AFLOWDATA/LIB2_WEB/CW_pv/720.AB,225,cF8,"['C', 'W']","[0, 0]",,,,0.323249,2,21.1583,,,,,
C1Y1,aflow:10e56bff43e34aa4,aflowlib.duke.edu:AFLOWDATA/ICSD_WEB/FCC/C1Y1_ICSD_181049,225,cF8,"['C', 'Y']","[0, 0]",0.0,3.79264e-05,454.053,0.036698,2,33.0589,124.4,0.279353,64.3648,164.691,19.4086
C1Y1,aflow:11d5b81bac418806,aflowlib.duke.edu:AFLOWDATA/LIB2_WEB/CY_sv/720.AB,225,cF8,"['C', 'Y']","[0, 0]",,,,0.0365415,2,33.0572,,,,,
C1Y1,aflow:18f2996d8a7a43b1,aflowlib.duke.edu:AFLOWDATA/LIB2_WEB/CY_sv/201,225,cF8,"['C', 'Y']","[0, 0]",,3.7985e-05,460.023,0.0365415,2,33.0572,123.689,0.274763,65.5633,167.156,19.9858
C1Y1,aflow:2f8e92a208357168,aflowlib.duke.edu:AFLOWDATA/LIB2_WEB/CY_sv/4,225,cF8,"['C', 'Y']","[0, 0]",,,,0.036549,2,33.0637,,,,,
C1Y1,aflow:47013f976c7d433b,aflowlib.duke.edu:AFLOWDATA/ICSD_WEB/FCC/C1Y1_ICSD_183159,225,cF8,"['C', 'Y']","[0, 0]",0.0,,,0.036699,2,33.0384,,,,,
C1Y1,aflow:9e2da810bd4f6d2e,aflowlib.duke.edu:AFLOWDATA/LIB2_WEB/CY_sv/720.BA,225,cF8,"['C', 'Y']","[0, 0]",,,,0.0365415,2,33.0571,,,,,
C1Zn1,aflow:17cb7abd40129e04,aflowlib.duke.edu:AFLOWDATA/LIB2_WEB/CZn/720.AB,225,cF8,"['C', 'Zn']","[0, 0]",,,,1.64964,2,21.3177,,,,,
C1Zn1,aflow:217a6e466b8990d7,aflowlib.duke.edu:AFLOWDATA/LIB2_WEB/CZn/201,225,cF8,"['C', 'Zn']","[0, 0]",,,,1.64964,2,21.3177,,,,,
C1Zn1,aflow:7849839d99bed0b5,aflowlib.duke.edu:AFLOWDATA/LIB2_WEB/CZn/720.BA,225,cF8,"['C', 'Zn']","[0, 0]",,,,1.64964,2,21.3174,,,,,
C1Zn1,aflow:a365464a2a371255,aflowlib.duke.edu:AFLOWDATA/LIB2_WEB/CZn/4,225,cF8,"['C', 'Zn']","[0, 0]",,,,1.64965,2,21.3229,,,,,
C1Zr1,aflow:03eb1cb4fb561e6a,aflowlib.duke.edu:AFLOWDATA/ICSD_WEB/FCC/C1Zr1_ICSD_619174,225,cF8,"['C', 'Zr']","[0, 0]",0.0,,,-0.812584,2,26.357,,,,,
C1Zr1,aflow:0f48656c8f1dcb62,aflowlib.duke.edu:AFLOWDATA/ICSD_WEB/FCC/C1Zr1_ICSD_181092,225,cF8,"['C', 'Zr']","[0, 0]",0.0,,,-0.812472,2,26.3499,,,,,
C1Zr1,aflow:0fcac9b5bc44e7f4,aflowlib.duke.edu:AFLOWDATA/ICSD_WEB/FCC/C1Zr1_ICSD_619170,225,cF8,"['C', 'Zr']","[0, 0]",0.0,,,-0.812584,2,26.3651,,,,,
C1Zr1,aflow:133de7a2c68574c0,aflowlib.duke.edu:AFLOWDATA/ICSD_WEB/FCC/C1Zr1_ICSD_619154,225,cF8,"['C', 'Zr']","[0, 0]",0.0,,,-0.812585,2,26.3549,,,,,
C1Zr1,aflow:139a4974beb024ec,aflowlib.duke.edu:AFLOWDATA/LIB2_WEB/CZr_sv/ICSD_22264.AB,225,cF8,"['C', 'Zr']","[0, 0]",,,,-0.812487,2,26.351,,,,,
C1Zr1,aflow:15da08280f56843c,aflowlib.duke.edu:AFLOWDATA/ICSD_WEB/FCC/C1Zr1_ICSD_619155,225,cF8,"['C', 'Zr']","[0, 0]",0.0,,,-0.812585,2,26.3608,,,,,
C1Zr1,aflow:183cdd9f310af68b,aflowlib.duke.edu:AFLOWDATA/ICSD_WEB/FCC/C1Zr1_ICSD_619173,225,cF8,"['C', 'Zr']","[0, 0]",0.0,,,-0.812584,2,26.354,,,,,
C1Zr1,aflow:18dba5d40dc304e1,aflowlib.duke.edu:AFLOWDATA/ICSD_WEB/FCC/C1Zr1_ICSD_619166,225,cF8,"['C', 'Zr']","[0, 0]",0.0,,,-0.812584,2,26.3651,,,,,
C1Zr1,aflow:196e8a1e0249f742,aflowlib.duke.edu:AFLOWDATA/LIB2_WEB/CZr_sv/720.AB,225,cF8,"['C', 'Zr']","[0, 0]",,,,-0.812487,2,26.3505,,,,,
C1Zr1,aflow:1f976b430cdd9d6c,aflowlib.duke.edu:AFLOWDATA/ICSD_WEB/FCC/C1Zr1_ICSD_619175,225,cF8,"['C', 'Zr']","[0, 0]",0.0,,,-0.812584,2,26.3627,,,,,
C1Zr1,aflow:20c8d17e538fab88,aflowlib.duke.edu:AFLOWDATA/ICSD_WEB/FCC/C1Zr1_ICSD_26954,225,cF8,"['C', 'Zr']","[0, 0]",0.0,,,-0.81258,2,26.3484,,,,,
C1Zr1,aflow:2162b8124cd47c72,aflowlib.duke.edu:AFLOWDATA/ICSD_WEB/FCC/C1Zr1_ICSD_619149,225,cF8,"['C', 'Zr']","[0, 0]",0.0,,,-0.812584,2,26.3618,,,,,
C1Zr1,aflow:2b168367b23eff8c,aflowlib.duke.edu:AFLOWDATA/ICSD_WEB/FCC/C1Zr1_ICSD_619172,225,cF8,"['C', 'Zr']","[0, 0]",0.0,,,-0.812584,2,26.3568,,,,,
C1Zr1,aflow:2d34e17f5c983d0d,aflowlib.duke.edu:AFLOWDATA/LIB2_WEB/CZr_sv/ICSD_658395.AB,225,cF8,"['C', 'Zr']","[0, 0]",,,,-0.812487,2,26.3505,,,,,
C1Zr1,aflow:32a60e233e32d8b7,aflowlib.duke.edu:AFLOWDATA/ICSD_WEB/FCC/C1Zr1_ICSD_22264,225,cF8,"['C', 'Zr']","[0, 0]",0.0,,,-0.812503,2,26.3581,,,,,
C1Zr1,aflow:32da3360c9350611,aflowlib.duke.edu:AFLOWDATA/LIB2_WEB/CZr_sv/ICSD_180599.AB,225,cF8,"['C', 'Zr']","[0, 0]",,,,-0.812487,2,26.351,,,,,
C1Zr1,aflow:485023024cc08d40,aflowlib.duke.edu:AFLOWDATA/ICSD_WEB/FCC/C1Zr1_ICSD_181094,225,cF8,"['C', 'Zr']","[0, 0]",0.0,,,-0.812476,2,26.3525,,,,,
C1Zr1,aflow:49d121a84439373c,aflowlib.duke.edu:AFLOWDATA/ICSD_WEB/FCC/C1Zr1_ICSD_619153,225,cF8,"['C', 'Zr']","[0, 0]",0.0,,,-0.812584,2,26.3548,,,,,
C1Zr1,aflow:4b7041afb516d49d,aflowlib.duke.edu:AFLOWDATA/ICSD_WEB/FCC/C1Zr1_ICSD_600759,225,cF8,"['C', 'Zr']","[0, 0]",0.0,,,-0.812584,2,26.3567,,,,,
C1Zr1,aflow:4dc9cd1ca585b0ee,aflowlib.duke.edu:AFLOWDATA/ICSD_WEB/FCC/C1Zr1_ICSD_619177,225,cF8,"['C', 'Zr']","[0, 0]",0.0,,,-0.812584,2,26.3623,,,,,
C1Zr1,aflow:4ee03671ffd2377d,aflowlib.duke.edu:AFLOWDATA/ICSD_WEB/FCC/C1Zr1_ICSD_180599,225,cF8,"['C', 'Zr']","[0, 0]",0.0,,,-0.812605,2,26.3573,,,,,
C1Zr1,aflow:500449d8ef62b879,aflowlib.duke.edu:AFLOWDATA/ICSD_WEB/FCC/C1Zr1_ICSD_619159,225,cF8,"['C', 'Zr']","[0, 0]",0.0,,,-0.812584,2,26.3651,,,,,
C1Zr1,aflow:50de673176fc4d75,aflowlib.duke.edu:AFLOWDATA/ICSD_WEB/FCC/C1Zr1_ICSD_44495,225,cF8,"['C', 'Zr']","[0, 0]",0.0,,,-0.812584,2,26.3635,,,,,
C1Zr1,aflow:6c2ea7071b159697,aflowlib.duke.edu:AFLOWDATA/ICSD_WEB/FCC/C1Zr1_ICSD_619162,225,cF8,"['C', 'Zr']","[0, 0]",0.0,,,-0.812473,2,26.3546,,,,,
C1Zr1,aflow:713d63f11897ee08,aflowlib.duke.edu:AFLOWDATA/ICSD_WEB/FCC/C1Zr1_ICSD_619171,225,cF8,"['C', 'Zr']","[0, 0]",0.0,,,-0.812584,2,26.3567,,,,,
C1Zr1,aflow:76e9f97c3614e253,aflowlib.duke.edu:AFLOWDATA/LIB2_WEB/CZr_sv/720.BA,225,cF8,"['C', 'Zr']","[0, 0]",,,,-0.812487,2,26.351,,,,,
C1Zr1,aflow:7c26743ac2d30309,aflowlib.duke.edu:AFLOWDATA/ICSD_WEB/FCC/C1Zr1_ICSD_619158,225,cF8,"['C', 'Zr']","[0, 0]",0.0,,,-0.812584,2,26.3622,,,,,
C1Zr1,aflow:7ca0fe0542dac41b,aflowlib.duke.edu:AFLOWDATA/LIB2_WEB/CZr_sv/ICSD_159874.AB,225,cF8,"['C', 'Zr']","[0, 0]",,,,-0.812487,2,26.351,,,,,
C1Zr1,aflow:7dc8ce524d17e0a9,aflowlib.duke.edu:AFLOWDATA/LIB2_WEB/CZr_sv/201,225,cF8,"['C', 'Zr']","[0, 0]",,2.19512e-05,675.947,-0.812487,2,26.3505,217.05,0.209052,156.693,378.901,67.4176
C1Zr1,aflow:7fcdc61f5b25c0ae,aflowlib.duke.edu:AFLOWDATA/ICSD_WEB/FCC/C1Zr1_ICSD_619148,225,cF8,"['C', 'Zr']","[0, 0]",0.0,,,-0.812584,2,26.3638,,,,,
C1Zr1,aflow:958796bb962acec5,aflowlib.duke.edu:AFLOWDATA/ICSD_WEB/FCC/C1Zr1_ICSD_181093,225,cF8,"['C', 'Zr']","[0, 0]",0.0,,,-0.812497,2,26.3551,,,,,
C1Zr1,aflow:969c7b54042836b7,aflowlib.duke.edu:AFLOWDATA/ICSD_WEB/FCC/C1Zr1_ICSD_619156,225,cF8,"['C', 'Zr']","[0, 0]",0.0,,,-0.812584,2,26.3638,,,,,
C1Zr1,aflow:9b3347c081b24034,aflowlib.duke.edu:AFLOWDATA/ICSD_WEB/FCC/C1Zr1_ICSD_619163,225,cF8,"['C', 'Zr']","[0, 0]",0.0,,,-0.812553,2,26.3489,,,,,
C1Zr1,aflow:9b50ad20510e7cf6,aflowlib.duke.edu:AFLOWDATA/ICSD_WEB/FCC/C1Zr1_ICSD_619152,225,cF8,"['C', 'Zr']","[0, 0]",0.0,,,-0.812584,2,26.3623,,,,,
C1Zr1,aflow:adaff3187a25ec87,aflowlib.duke.edu:AFLOWDATA/LIB2_WEB/CZr_sv/ICSD_181094.AB,225,cF8,"['C', 'Zr']","[0, 0]",,,,-0.812455,2,26.3457,,,,,
C1Zr1,aflow:b0cbd003f5b198c0,aflowlib.duke.edu:AFLOWDATA/ICSD_WEB/FCC/C1Zr1_ICSD_619150,225,cF8,"['C', 'Zr']","[0, 0]",0.0,,,-0.812585,2,26.3608,,,,,
C1Zr1,aflow:b197dbd0d14a2d09,aflowlib.duke.edu:AFLOWDATA/ICSD_WEB/FCC/C1Zr1_ICSD_619169,225,cF8,"['C', 'Zr']","[0, 0]",0.0,,,-0.812584,2,26.3567,,,,,
C1Zr1,aflow:b25daffa5043bc2c,aflowlib.duke.edu:AFLOWDATA/ICSD_WEB/FCC/C1Zr1_ICSD_619157,225,cF8,"['C', 'Zr']","[0, 0]",0.0,,,-0.812584,2,26.3567,,,,,
C1Zr1,aflow:b652e182b2677f30,aflowlib.duke.edu:AFLOWDATA/ICSD_WEB/FCC/C1Zr1_ICSD_159874,225,cF8,"['C', 'Zr']","[0, 0]",0.0,2.18376e-05,671.904,-0.812584,2,26.3573,220.867,0.212686,156.986,380.749,67.4411
C1Zr1,aflow:bf9684dfac10bd96,aflowlib.duke.edu:AFLOWDATA/ICSD_WEB/FCC/C1Zr1_ICSD_619178,225,cF8,"['C', 'Zr']","[0, 0]",0.0,,,-0.812584,2,26.3567,,,,,
C1Zr1,aflow:c1548f00c3b2c8cd,aflowlib.duke.edu:AFLOWDATA/ICSD_WEB/FCC/C1Zr1_ICSD_658333,225,cF8,"['C', 'Zr']","[0, 0]",0.0,,,-0.812584,2,26.3564,,,,,
C1Zr1,aflow:cf2bfe97c7eb6a5c,aflowlib.duke.edu:AFLOWDATA/ICSD_WEB/FCC/C1Zr1_ICSD_619160,225,cF8,"['C', 'Zr']","[0, 0]",0.0,,,-0.812584,2,26.3568,,,,,
C1Zr1,aflow:d25e10e9355a2583,aflowlib.duke.edu:AFLOWDATA/ICSD_WEB/FCC/C1Zr1_ICSD_183161,225,cF8,"['C', 'Zr']","[0, 0]",0.0,,,-0.812473,2,26.3503,,,,,
C1Zr1,aflow:e6faac995f3e7356,aflowlib.duke.edu:AFLOWDATA/LIB2_WEB/CZr_sv/ICSD_658333.AB,225,cF8,"['C', 'Zr']","[0, 0]",,,,-0.812487,2,26.3505,,,,,
C1Zr1,aflow:eb512a6ba49ae3b7,aflowlib.duke.edu:AFLOWDATA/ICSD_WEB/FCC/C1Zr1_ICSD_44730,225,cF8,"['C', 'Zr']","[0, 0]",0.0,,,-0.812584,2,26.3635,,,,,
C1Zr1,aflow:ef852882fb4823d8,aflowlib.duke.edu:AFLOWDATA/ICSD_WEB/FCC/C1Zr1_ICSD_658395,225,cF8,"['C', 'Zr']","[0, 0]",0.0,,,-0.812584,2,26.357,,,,,
C1Zr1,aflow:f0ed850811f6ae04,aflowlib.duke.edu:AFLOWDATA/ICSD_WEB/FCC/C1Zr1_ICSD_619147,225,cF8,"['C', 'Zr']","[0, 0]",0.0,,,-0.812582,2,26.3531,,,,,
C1Zr1,aflow:f2476f0b8c1c6818,aflowlib.duke.edu:AFLOWDATA/ICSD_WEB/FCC/C1Zr1_ICSD_181788,225,cF8,"['C', 'Zr']","[0, 0]",0.0,,,-0.812472,2,26.3536,,,,,
C1Zr1,aflow:f2964dfcf8a3da8a,aflowlib.duke.edu:AFLOWDATA/ICSD_WEB/FCC/C1Zr1_ICSD_619151,225,cF8,"['C', 'Zr']","[0, 0]",0.0,,,-0.812584,2,26.3627,,,,,
C1Zr1,aflow:f6e9f5bb1bc2d52a,aflowlib.duke.edu:AFLOWDATA/ICSD_WEB/FCC/C1Zr1_ICSD_181141,225,cF8,"['C', 'Zr']","[0, 0]",0.0,,,-0.812472,2,26.3535,,,,,
C1Zr1,aflow:fd9dcba419a72837,aflowlib.duke.edu:AFLOWDATA/ICSD_WEB/FCC/C1Zr1_ICSD_619179,225,cF8,"['C', 'Zr']","[0, 0]",0.0,,,-0.812584,2,26.3577,,,,,
C2Ca2,aflow:0a7e96f695c2615c,aflowlib.duke.edu:AFLOWDATA/LIB2_WEB/CCa_sv/196,225,cF8,"['C', 'Ca']","[0.814, 0.814, 0.135, 0.135]",,,,1.13104,4,73.8455,,,,,
C2Ca2,aflow:44f6c5e523c366e3,aflowlib.duke.edu:AFLOWDATA/LIB2_WEB/CCa_sv/197,225,cF8,"['C', 'Ca']","[0.814, 0.814, 0.135, 0.135]",,,,1.13123,4,73.8482,,,,,
C2Ca2,aflow:610fa7e18338c4da,aflowlib.duke.edu:AFLOWDATA/LIB2_WEB/CCa_sv/20,225,cF8,"['C', 'Ca']","[0.815, 0.815, 0.135, 0.135]",,,,1.13167,4,73.8341,,,,,
C2Ca2,aflow:889b2203aab52f32,aflowlib.duke.edu:AFLOWDATA/LIB2_WEB/CCa_sv/71,225,cF8,"['C', 'Ca']","[0.814, 0.814, 0.135, 0.135]",,,,1.13128,4,73.8278,,,,,
C2Ca2,aflow:90fe129209b882d2,aflowlib.duke.edu:AFLOWDATA/LIB2_WEB/CCa_sv/77,225,cF8,"['C', 'Ca']","[0.816, 0.816, 0.135, 0.135]",,,,1.13142,4,73.8516,,,,,
C2Ca2,aflow:eedc01c26981e25f,aflowlib.duke.edu:AFLOWDATA/LIB2_WEB/CCa_sv/14,225,cF8,"['C', 'Ca']","[0.814, 0.814, 0.135, 0.135]",,,,1.13128,4,73.8477,,,,,
C2Cd2,aflow:a99578f894f05c12,aflowlib.duke.edu:AFLOWDATA/LIB2_WEB/CCd/77,225,cF8,"['C', 'Cd']","[0, 0, 0, 0]",,,,1.97681,4,57.1881,,,,,
C2Cd2,aflow:f5944b51ff62fae0,aflowlib.duke.edu:AFLOWDATA/LIB2_WEB/CCd/20,225,cF8,"['C', 'Cd']","[0, 0, 0, 0]",,,,1.97784,4,57.1917,,,,,
C2Cr2,aflow:639cc4782c24eb51,aflowlib.duke.edu:AFLOWDATA/LIB2_WEB/CCr_pv/119,225,cF8,"['C', 'Cr']","[-0.119, -0.119, 1.447, 1.447]",,,,0.159307,4,34.6475,,,,,
C2Fe2,aflow:1872df32b6410aec,aflowlib.duke.edu:AFLOWDATA/LIB2_WEB/CFe_pv/448,225,cF8,"['C', 'Fe']","[0, 0, 0, 0]",,,,0.598168,4,31.8429,,,,,
C2Fe2,aflow:303953a0dc391155,aflowlib.duke.edu:AFLOWDATA/LIB2_WEB/CFe_pv/447,225,cF8,"['C', 'Fe']","[0, 0, 0, 0]",,,,0.59817,4,31.8428,,,,,
C2Fe2,aflow:329fe0f42f8ad6c7,aflowlib.duke.edu:AFLOWDATA/LIB2_WEB/CFe_pv/71,225,cF8,"['C', 'Fe']","[0, 0, 0, 0]",,,,0.598132,4,31.852,,,,,
C2Fe2,aflow:8d2090c8a67ec61d,aflowlib.duke.edu:AFLOWDATA/LIB2_WEB/CFe_pv/20,225,cF8,"['C', 'Fe']","[0, 0, 0, 0]",,,,0.598219,4,31.8563,,,,,
C2Fe2,aflow:94fb988bc694e55a,aflowlib.duke.edu:AFLOWDATA/LIB2_WEB/CFe_pv/14,225,cF8,"['C', 'Fe']","[0, 0, 0, 0]",,,,0.598263,4,31.8514,,,,,
C2Fe2,aflow:a2e3cd3e44cae635,aflowlib.duke.edu:AFLOWDATA/LIB2_WEB/CFe_pv/197,225,cF8,"['C', 'Fe']","[0, 0, 0, 0]",,,,0.598075,4,31.8509,,,,,
C2Fe2,aflow:cebc300a72095f21,aflowlib.duke.edu:AFLOWDATA/LIB2_WEB/CFe_pv/119,225,cF8,"['C', 'Fe']","[0, 0, 0, 0]",,,,0.598323,4,31.8423,,,,,
C2Ga2,aflow:076b845d20d8c174,aflowlib.duke.edu:AFLOWDATA/LIB2_WEB/CGa_h/14,225,cF8,"['C', 'Ga']","[0, 0, 0, 0]",,,,1.21505,4,42.4522,,,,,
C2Ga2,aflow:c94b9007fc61b3a1,aflowlib.duke.edu:AFLOWDATA/LIB2_WEB/CGa_h/77,225,cF8,"['C', 'Ga']","[0, 0, 0, 0]",,,,1.21433,4,42.3304,,,,,
C2Ge2,aflow:17f4808b7d951733,aflowlib.duke.edu:AFLOWDATA/LIB2_WEB/CGe_h/77,225,cF8,"['C', 'Ge']","[0, 0, 0, 0]",,,,1.28033,4,42.2161,,,,,
C2Ge2,aflow:3f85cdc3bec4eea1,aflowlib.duke.edu:AFLOWDATA/LIB2_WEB/CGe_h/447,225,cF8,"['C', 'Ge']","[0, 0, 0, 0]",,,,1.28348,4,42.246,,,,,
C2Ge2,aflow:53bc980e1eb57316,aflowlib.duke.edu:AFLOWDATA/LIB2_WEB/CGe_h/20,225,cF8,"['C', 'Ge']","[0, 0, 0, 0]",,,,1.2811,4,42.3384,,,,,
C2Ge2,aflow:6afe56a4ea8f9f74,aflowlib.duke.edu:AFLOWDATA/LIB2_WEB/CGe_h/448,225,cF8,"['C', 'Ge']","[0, 0, 0, 0]",,,,1.28351,4,42.2209,,,,,
C2Hf2,aflow:01d96dc96519d55c,aflowlib.duke.edu:AFLOWDATA/LIB2_WEB/CHf_pv/77,225,cF8,"['C', 'Hf']","[0, 0, 0, 0]",,,,-0.947689,4,50.2449,,,,,
C2Hf2,aflow:09ab9dc5fa979be7,aflowlib.duke.edu:AFLOWDATA/LIB2_WEB/CHf_pv/119,225,cF8,"['C', 'Hf']","[0, 0, 0, 0]",,,,-0.94735,4,50.2944,,,,,
C2Hf2,aflow:2b14cf71a7951ed1,aflowlib.duke.edu:AFLOWDATA/LIB2_WEB/CHf_pv/197,225,cF8,"['C', 'Hf']","[0, 0, 0, 0]",,,,-0.950431,4,50.3197,,,,,
C2Hf2,aflow:389d107fac096514,aflowlib.duke.edu:AFLOWDATA/LIB2_WEB/CHf_pv/447,225,cF8,"['C', 'Hf']","[0, 0, 0, 0]",,,,-0.947798,4,50.2609,,,,,
C2Hf2,aflow:715ce044238d8935,aflowlib.duke.edu:AFLOWDATA/LIB2_WEB/CHf_pv/196,225,cF8,"['C', 'Hf']","[0, 0, 0, 0]",,,,-0.950347,4,50.3505,,,,,
C2Hf2,aflow:745aecd39a3fec02,aflowlib.duke.edu:AFLOWDATA/LIB2_WEB/CHf_pv/20,225,cF8,"['C', 'Hf']","[0, 0, 0, 0]",,,,-0.946908,4,50.298,,,,,
C2Hf2,aflow:8b886828ffab0d43,aflowlib.duke.edu:AFLOWDATA/LIB2_WEB/CHf_pv/14,225,cF8,"['C', 'Hf']","[0, 0, 0, 0]",,,,-0.945205,4,50.3325,,,,,
C2Hf2,aflow:9bf8b7b2aa7dd29b,aflowlib.duke.edu:AFLOWDATA/LIB2_WEB/CHf_pv/71,225,cF8,"['C', 'Hf']","[0, 0, 0, 0]",,,,-0.950372,4,50.2751,,,,,
C2Hf2,aflow:cb73433ec7351bfc,aflowlib.duke.edu:AFLOWDATA/LIB2_WEB/CHf_pv/74,225,cF8,"['C', 'Hf']","[0, 0, 0, 0]",,,,-0.946854,4,50.3383,,,,,
C2Hf2,aflow:f93ac81feccdd7ee,aflowlib.duke.edu:AFLOWDATA/LIB2_WEB/CHf_pv/448,225,cF8,"['C', 'Hf']","[0, 0, 0, 0]",,,,-0.947793,4,50.3042,,,,,
C2Hg2,aflow:5175aff49799ea88,aflowlib.duke.edu:AFLOWDATA/LIB2_WEB/CHg/119,225,cF8,"['C', 'Hg']","[0, 0, 0, 0]",,,,2.30279,4,59.1734,,,,,
C2Hg2,aflow:9463a184769fad46,aflowlib.duke.edu:AFLOWDATA/LIB2_WEB/CHg/20,225,cF8,"['C', 'Hg']","[0, 0, 0, 0]",,,,2.29976,4,59.1598,,,,,
C2Hg2,aflow:c202e93e4412439e,aflowlib.duke.edu:AFLOWDATA/LIB2_WEB/CHg/14,225,cF8,"['C', 'Hg']","[0, 0, 0, 0]",,,,2.30376,4,59.1645,,,,,
C2Hg2,aflow:cf7a175e61cce122,aflowlib.duke.edu:AFLOWDATA/LIB2_WEB/CHg/448,225,cF8,"['C', 'Hg']","[0, 0, 0, 0]",,,,2.3026,4,59.2062,,,,,
C2In2,aflow:773e804b2fc488c1,aflowlib.duke.edu:AFLOWDATA/LIB2_WEB/CIn_d/20,225,cF8,"['C', 'In']","[0, 0, 0, 0]",,,,1.49519,4,56.3544,,,,,
C2In2,aflow:adf8ab2d43e8c362,aflowlib.duke.edu:AFLOWDATA/LIB2_WEB/CIn_d/119,225,cF8,"['C', 'In']","[0, 0, 0, 0]",,,,1.49574,4,56.3398,,,,,
C2In2,aflow:e600a23b1cda40d6,aflowlib.duke.edu:AFLOWDATA/LIB2_WEB/CIn_d/448,225,cF8,"['C', 'In']","[0, 0, 0, 0]",,,,1.4953,4,56.3411,,,,,
C2In2,aflow:f0f05f8b34dd5e18,aflowlib.duke.edu:AFLOWDATA/LIB2_WEB/CIn_d/447,225,cF8,"['C', 'In']","[0, 0, 0, 0]",,,,1.4953,4,56.3374,,,,,
C2K2,aflow:230dc98eb5426dc1,aflowlib.duke.edu:AFLOWDATA/LIB2_WEB/CK_sv/14,225,cF8,"['C', 'K']","[1.219, 1.219, 0.066, 0.066]",,,,2.30599,4,117.982,,,,,
C2K2,aflow:2a9334a23a5531da,aflowlib.duke.edu:AFLOWDATA/LIB2_WEB/CK_sv/197,225,cF8,"['C', 'K']","[1.219, 1.219, 0.066, 0.066]",,,,2.30601,4,118.005,,,,,
C2K2,aflow:2db2e66de931a385,aflowlib.duke.edu:AFLOWDATA/LIB2_WEB/CK_sv/448,225,cF8,"['C', 'K']","[1.219, 1.219, 0.066, 0.066]",,,,2.30607,4,117.874,,,,,
C2K2,aflow:6dece7528ec0d7e6,aflowlib.duke.edu:AFLOWDATA/LIB2_WEB/CK_sv/20,225,cF8,"['C', 'K']","[1.219, 1.219, 0.066, 0.066]",,,,2.30599,4,118.028,,,,,
C2K2,aflow:80d575e6c7693747,aflowlib.duke.edu:AFLOWDATA/LIB2_WEB/CK_sv/119,225,cF8,"['C', 'K']","[1.219, 1.219, 0.066, 0.066]",,,,2.30599,4,118.011,,,,,
C2K2,aflow:8c1ac9ac5c4a39e5,aflowlib.duke.edu:AFLOWDATA/LIB2_WEB/CK_sv/71,225,cF8,"['C', 'K']","[1.219, 1.219, 0.066, 0.066]",,,,2.30611,4,117.984,,,,,
C2K2,aflow:8c25ebe0d9efc629,aflowlib.duke.edu:AFLOWDATA/LIB2_WEB/CK_sv/77,225,cF8,"['C', 'K']","[1.219, 1.219, 0.066, 0.066]",,,,2.30598,4,117.975,,,,,
C2K2,aflow:b22472710e93cd3d,aflowlib.duke.edu:AFLOWDATA/LIB2_WEB/CK_sv/447,225,cF8,"['C', 'K']","[1.219, 1.219, 0.066, 0.066]",,,,2.30606,4,118.086,,,,,
C2K2,aflow:c37a41a8b4776129,aflowlib.duke.edu:AFLOWDATA/LIB2_WEB/CK_sv/196,225,cF8,"['C', 'K']","[1.219, 1.219, 0.066, 0.066]",,,,2.30601,4,117.935,,,,,
C2K2,aflow:f6e88640ca0f7a9d,aflowlib.duke.edu:AFLOWDATA/LIB2_WEB/CK_sv/74,225,cF8,"['C', 'K']","[1.219, 1.219, 0.066, 0.066]",,,,2.306,4,117.921,,,,,
C2Mg2,aflow:33ba4bb2a98a9a29,aflowlib.duke.edu:AFLOWDATA/LIB2_WEB/CMg_pv/196,225,cF8,"['C', 'Mg']","[0, 0, 0, 0]",,,,1.32389,4,49.3877,,,,,
C2Mg2,aflow:7b3f773da3331c20,aflowlib.duke.edu:AFLOWDATA/LIB2_WEB/CMg_pv/197,225,cF8,"['C', 'Mg']","[0, 0, 0, 0]",,,,1.32518,4,49.3856,,,,,
C2Mg2,aflow:bde50b7c262c8d62,aflowlib.duke.edu:AFLOWDATA/LIB2_WEB/CMg_pv/14,225,cF8,"['C', 'Mg']","[0.003, 0.003, 0, 0]",,,,1.32579,4,49.3952,,,,,
C2Mg2,aflow:dbe28badb973057b,aflowlib.duke.edu:AFLOWDATA/LIB2_WEB/CMg_pv/77,225,cF8,"['C', 'Mg']","[0.004, 0.004, 0, 0]",,,,1.32624,4,49.3732,,,,,
C2Mn2,aflow:0d6d1baf4d261ae4,aflowlib.duke.edu:AFLOWDATA/LIB2_WEB/CMn_pv/197,225,cF8,"['C', 'Mn']","[-0.14, -0.14, 2.112, 2.112]",,,,0.308829,4,34.1312,,,,,
C2Mn2,aflow:1e6dfe21c47cd622,aflowlib.duke.edu:AFLOWDATA/LIB2_WEB/CMn_pv/448,225,cF8,"['C', 'Mn']","[-0.141, -0.141, 2.019, 2.019]",,,,0.309429,4,33.9624,,,,,
C2Mn2,aflow:44fd6695de2f4772,aflowlib.duke.edu:AFLOWDATA/LIB2_WEB/CMn_pv/196,225,cF8,"['C', 'Mn']","[-0.14, -0.14, 2.118, 2.118]",,,,0.309065,4,34.1529,,,,,
C2Mn2,aflow:8db72812f86d21f5,aflowlib.duke.edu:AFLOWDATA/LIB2_WEB/CMn_pv/14,225,cF8,"['C', 'Mn']","[-0.144, -0.144, 2.067, 2.067]",,,,0.309173,4,34.0516,,,,,
C2Mn2,aflow:92c77174c3690a9b,aflowlib.duke.edu:AFLOWDATA/LIB2_WEB/CMn_pv/77,225,cF8,"['C', 'Mn']","[-0.143, -0.143, 2.058, 2.058]",,,,0.310319,4,34.0396,,,,,
C2Mn2,aflow:9c2dcf0c740b2593,aflowlib.duke.edu:AFLOWDATA/LIB2_WEB/CMn_pv/20,225,cF8,"['C', 'Mn']","[-0.14, -0.14, 2.123, 2.123]",,,,0.309837,4,34.1689,,,,,
C2Mn2,aflow:b01b47cc68a9d541,aflowlib.duke.edu:AFLOWDATA/LIB2_WEB/CMn_pv/119,225,cF8,"['C', 'Mn']","[-0.141, -0.141, 2.074, 2.074]",,,,0.309217,4,34.0647,,,,,
C2Mn2,aflow:bfab11e64c5e4171,aflowlib.duke.edu:AFLOWDATA/LIB2_WEB/CMn_pv/71,225,cF8,"['C', 'Mn']","[-0.14, -0.14, 2.114, 2.114]",,,,0.308948,4,34.1388,,,,,
C2Mo2,aflow:d5f4eb021a4814d2,aflowlib.duke.edu:AFLOWDATA/LIB2_WEB/CMo_pv/119,225,cF8,"['C', 'Mo']","[0, 0, 0, 0]",,,,0.214948,4,42.0882,,,,,
C2Nb2,aflow:060ed80564c41004,aflowlib.duke.edu:AFLOWDATA/LIB2_WEB/CNb_sv/74,225,cF8,"['C', 'Nb']","[0, 0, 0, 0]",,,,-0.544209,4,44.9643,,,,,
C2Nb2,aflow:25e1b79d8760d8a7,aflowlib.duke.edu:AFLOWDATA/LIB2_WEB/CNb_sv/14,225,cF8,"['C', 'Nb']","[0, 0, 0, 0]",,,,-0.549057,4,45.0754,,,,,
C2Nb2,aflow:491f9544a6590044,aflowlib.duke.edu:AFLOWDATA/LIB2_WEB/CNb_sv/448,225,cF8,"['C', 'Nb']","[0, 0, 0, 0]",,,,-0.544519,4,45.1527,,,,,
C2Nb2,aflow:5eb44ddd40c67f1f,aflowlib.duke.edu:AFLOWDATA/LIB2_WEB/CNb_sv/119,225,cF8,"['C', 'Nb']","[0, 0, 0, 0]",,,,-0.544139,4,45.0302,,,,,
C2Nb2,aflow:949b754227969d87,aflowlib.duke.edu:AFLOWDATA/LIB2_WEB/CNb_sv/71,225,cF8,"['C', 'Nb']","[0, 0, 0, 0]",,,,-0.548568,4,45.1003,,,,,
C2Nb2,aflow:dd0352003ba2c355,aflowlib.duke.edu:AFLOWDATA/LIB2_WEB/CNb_sv/77,225,cF8,"['C', 'Nb']","[0, 0, 0, 0]",,,,-0.544726,4,45.0106,,,,,
C2Nb2,aflow:f28a67c9eeeb0e09,aflowlib.duke.edu:AFLOWDATA/LIB2_WEB/CNb_sv/20,225,cF8,"['C', 'Nb']","[0, 0, 0, 0]",,,,-0.54387,4,44.9747,,,,,
C2Pb2,aflow:5ec8c8ab2a536e68,aflowlib.duke.edu:AFLOWDATA/LIB2_WEB/CPb_d/448,225,cF8,"['C', 'Pb']","[0, 0, 0, 0]",,,,1.81135,4,66.3277,,,,,
C2Pb2,aflow:5f380137dd881c6a,aflowlib.duke.edu:AFLOWDATA/LIB2_WEB/CPb_d/20,225,cF8,"['C', 'Pb']","[0, 0, 0, 0]",,,,1.80963,4,66.1156,,,,,
C2Pb2,aflow:dffb3aac8bb95e6d,aflowlib.duke.edu:AFLOWDATA/LIB2_WEB/CPb_d/119,225,cF8,"['C', 'Pb']","[0, 0, 0, 0]",,,,1.8096,4,66.3227,,,,,
C2Pb2,aflow:f43184b6ad0ac1ca,aflowlib.duke.edu:AFLOWDATA/LIB2_WEB/CPb_d/77,225,cF8,"['C', 'Pb']","[0, 0, 0, 0]",,,,1.81402,4,66.2756,,,,,
C2Rb2,aflow:04f1c251b6808e86,aflowlib.duke.edu:AFLOWDATA/LIB2_WEB/CRb_sv/71,225,cF8,"['C', 'Rb']","[1.208, 1.208, 0.074, 0.074]",,,,2.30436,4,136.104,,,,,
C2Rb2,aflow:0639a67d14db49eb,aflowlib.duke.edu:AFLOWDATA/LIB2_WEB/CRb_sv/196,225,cF8,"['C', 'Rb']","[1.209, 1.209, 0.075, 0.075]",,,,2.30218,4,135.879,,,,,
C2Rb2,aflow:0833aa3dcc42548a,aflowlib.duke.edu:AFLOWDATA/LIB2_WEB/CRb_sv/119,225,cF8,"['C', 'Rb']","[1.208, 1.208, 0.074, 0.074]",,,,2.30427,4,136.136,,,,,
C2Rb2,aflow:3eff9af62de9ee47,aflowlib.duke.edu:AFLOWDATA/LIB2_WEB/CRb_sv/447,225,cF8,"['C', 'Rb']","[1.208, 1.208, 0.074, 0.074]",,,,2.30416,4,136.078,,,,,
C2Rb2,aflow:6a570386f19ad726,aflowlib.duke.edu:AFLOWDATA/LIB2_WEB/CRb_sv/77,225,cF8,"['C', 'Rb']","[1.208, 1.208, 0.074, 0.074]",,,,2.30426,4,136.068,,,,,
C2Rb2,aflow:96f5bb32aad385db,aflowlib.duke.edu:AFLOWDATA/LIB2_WEB/CRb_sv/74,225,cF8,"['C', 'Rb']","[1.208, 1.208, 0.074, 0.074]",,,,2.30427,4,136.085,,,,,
C2Rb2,aflow:b57b46426e2b0f46,aflowlib.duke.edu:AFLOWDATA/LIB2_WEB/CRb_sv/448,225,cF8,"['C', 'Rb']","[1.208, 1.208, 0.075, 0.075]",,,,2.30429,4,136.036,,,,,
C2Rb2,aflow:b5d9ed5385d3859b,aflowlib.duke.edu:AFLOWDATA/LIB2_WEB/CRb_sv/14,225,cF8,"['C', 'Rb']","[1.208, 1.208, 0.074, 0.074]",,,,2.30425,4,136.108,,,,,
C2Rb2,aflow:ec784392af1e694c,aflowlib.duke.edu:AFLOWDATA/LIB2_WEB/CRb_sv/197,225,cF8,"['C', 'Rb']","[1.208, 1.208, 0.074, 0.074]",,,,2.30431,4,136.109,,,,,
C2Sc2,aflow:18e3a4ca764181e4,aflowlib.duke.edu:AFLOWDATA/LIB2_WEB/CSc_sv/14,225,cF8,"['C', 'Sc']","[0.002, 0.002, 0.001, 0.001]",,,,-0.135792,4,51.4882,,,,,
C2Sc2,aflow:48a9c701ec25a8df,aflowlib.duke.edu:AFLOWDATA/LIB2_WEB/CSc_sv/447,225,cF8,"['C', 'Sc']","[0, 0, 0, 0]",,,,-0.141912,4,51.4476,,,,,
C2Sc2,aflow:4a3666c689f30e41,aflowlib.duke.edu:AFLOWDATA/LIB2_WEB/CSc_sv/119,225,cF8,"['C', 'Sc']","[0, 0, 0, 0]",,,,-0.139065,4,51.4734,,,,,
C2Sc2,aflow:6a9a7d74c28b8b2f,aflowlib.duke.edu:AFLOWDATA/LIB2_WEB/CSc_sv/71,225,cF8,"['C', 'Sc']","[0, 0, 0, 0]",,,,-0.138687,4,51.4397,,,,,
C2Sc2,aflow:980a359388e8ca3e,aflowlib.duke.edu:AFLOWDATA/LIB2_WEB/CSc_sv/448,225,cF8,"['C', 'Sc']","[0, 0, 0, 0]",,,,-0.141912,4,51.446,,,,,
C2Sc2,aflow:ba1bb960b115401e,aflowlib.duke.edu:AFLOWDATA/LIB2_WEB/CSc_sv/20,225,cF8,"['C', 'Sc']","[0, 0, 0, 0]",,,,-0.14274,4,51.4357,,,,,
C2Sc2,aflow:dd79c4af611e7dcc,aflowlib.duke.edu:AFLOWDATA/LIB2_WEB/CSc_sv/74,225,cF8,"['C', 'Sc']","[0, 0, 0, 0]",,,,-0.139056,4,51.4753,,,,,
C2Sc2,aflow:f4e33ccb22241045,aflowlib.duke.edu:AFLOWDATA/LIB2_WEB/CSc_sv/196,225,cF8,"['C', 'Sc']","[0, 0, 0, 0]",,,,-0.138746,4,51.4455,,,,,
C2Sc2,aflow:f7a7599c000c4a81,aflowlib.duke.edu:AFLOWDATA/LIB2_WEB/CSc_sv/77,225,cF8,"['C', 'Sc']","[0, 0, 0, 0]",,,,-0.1425,4,51.4546,,,,,
C2Si2,aflow:218d3eb91c1ada0b,aflowlib.duke.edu:AFLOWDATA/LIB2_WEB/CSi/20,225,cF8,"['C', 'Si']","[0, 0, 0, 0]",,,,0.535505,4,33.4161,,,,,
C2Si2,aflow:599c2c2680b0dc4f,aflowlib.duke.edu:AFLOWDATA/LIB2_WEB/CSi/448,225,cF8,"['C', 'Si']","[0, 0, 0, 0]",,,,0.53588,4,33.3643,,,,,
C2Si2,aflow:6b3ba09add70ae7a,aflowlib.duke.edu:AFLOWDATA/LIB2_WEB/CSi/71,225,cF8,"['C', 'Si']","[0, 0, 0, 0]",,,,0.533878,4,33.4113,,,,,
C2Si2,aflow:91b627fbce6a677e,aflowlib.duke.edu:AFLOWDATA/LIB2_WEB/CSi/447,225,cF8,"['C', 'Si']","[0, 0, 0, 0]",,,,0.535879,4,33.3588,,,,,
C2Si2,aflow:bfa9c5c1c9d08d62,aflowlib.duke.edu:AFLOWDATA/LIB2_WEB/CSi/77,225,cF8,"['C', 'Si']","[0, 0, 0, 0]",,,,0.535275,4,33.3161,,,,,
C2Si2,aflow:c1685ee0df37ff6b,aflowlib.duke.edu:AFLOWDATA/LIB2_WEB/CSi/196,225,cF8,"['C', 'Si']","[0, 0, 0, 0]",,,,0.533838,4,33.4096,,,,,
C2Si2,aflow:f30eea1678441288,aflowlib.duke.edu:AFLOWDATA/LIB2_WEB/CSi/119,225,cF8,"['C', 'Si']","[0, 0, 0, 0]",,,,0.534996,4,33.3534,,,,,
C2Sn2,aflow:18a2da2b1ee4a6cd,aflowlib.duke.edu:AFLOWDATA/LIB2_WEB/CSn/448,225,cF8,"['C', 'Sn']","[0, 0, 0, 0]",,,,1.25606,4,55.1926,,,,,
C2Sn2,aflow:26748400b7b5df21,aflowlib.duke.edu:AFLOWDATA/LIB2_WEB/CSn/14,225,cF8,"['C', 'Sn']","[0, 0, 0, 0]",,,,1.25556,4,55.0069,,,,,
C2Sn2,aflow:331ac7b6680dce86,aflowlib.duke.edu:AFLOWDATA/LIB2_WEB/CSn/197,225,cF8,"['C', 'Sn']","[0, 0, 0, 0]",,,,1.25852,4,55.1901,,,,,
C2Sn2,aflow:74ed1f42aa8434ad,aflowlib.duke.edu:AFLOWDATA/LIB2_WEB/CSn/119,225,cF8,"['C', 'Sn']","[0, 0, 0, 0]",,,,1.25396,4,55.235,,,,,
C2Sn2,aflow:9325b7b502e56b54,aflowlib.duke.edu:AFLOWDATA/LIB2_WEB/CSn/447,225,cF8,"['C', 'Sn']","[0, 0, 0, 0]",,,,1.25606,4,55.1911,,,,,
C2Sn2,aflow:95e163d9ccfdf13a,aflowlib.duke.edu:AFLOWDATA/LIB2_WEB/CSn/71,225,cF8,"['C', 'Sn']","[0, 0, 0, 0]",,,,1.25854,4,55.1919,,,,,
C2Sn2,aflow:a5977d42c7dbde7f,aflowlib.duke.edu:AFLOWDATA/LIB2_WEB/CSn/20,225,cF8,"['C', 'Sn']","[0, 0, 0, 0]",,,,1.25683,4,55.3752,,,,,
C2Sn2,aflow:cbcd25e3695174ee,aflowlib.duke.edu:AFLOWDATA/LIB2_WEB/CSn/77,225,cF8,"['C', 'Sn']","[0, 0, 0, 0]",,,,1.25343,4,55.257,,,,,
C2Sn2,aflow:ec50b93cd4027b1b,aflowlib.duke.edu:AFLOWDATA/LIB2_WEB/CSn/196,225,cF8,"['C', 'Sn']","[0, 0, 0, 0]",,,,1.25852,4,55.1855,,,,,
C2Sr2,aflow:0413e4f7ed7fc0e5,aflowlib.duke.edu:AFLOWDATA/LIB2_WEB/CSr_sv/20,225,cF8,"['C', 'Sr']","[0.835, 0.835, 0.12, 0.12]",,,,1.26448,4,91.4429,,,,,
C2Sr2,aflow:50020e5c2ccf2c32,aflowlib.duke.edu:AFLOWDATA/LIB2_WEB/CSr_sv/71,225,cF8,"['C', 'Sr']","[0.836, 0.836, 0.119, 0.119]",,,,1.26385,4,91.4935,,,,,
C2Sr2,aflow:509ca2c6949635a8,aflowlib.duke.edu:AFLOWDATA/LIB2_WEB/CSr_sv/14,225,cF8,"['C', 'Sr']","[0.836, 0.836, 0.119, 0.119]",,,,1.26395,4,91.4819,,,,,
C2Sr2,aflow:6954299d77687adf,aflowlib.duke.edu:AFLOWDATA/LIB2_WEB/CSr_sv/197,225,cF8,"['C', 'Sr']","[0.836, 0.836, 0.119, 0.119]",,,,1.26395,4,91.4969,,,,,
C2Sr2,aflow:7952022f8fa58feb,aflowlib.duke.edu:AFLOWDATA/LIB2_WEB/CSr_sv/196,225,cF8,"['C', 'Sr']","[0.836, 0.836, 0.119, 0.119]",,,,1.26382,4,91.4596,,,,,
C2Sr2,aflow:fb8b2f41bd719de6,aflowlib.duke.edu:AFLOWDATA/LIB2_WEB/CSr_sv/77,225,cF8,"['C', 'Sr']","[0.836, 0.836, 0.119, 0.119]",,,,1.26405,4,91.5017,,,,,
C2Ta2,aflow:0904a407dfa958a3,aflowlib.duke.edu:AFLOWDATA/LIB2_WEB/CTa_pv/14,225,cF8,"['C', 'Ta']","[0, 0, 0, 0]",,,,-0.589863,4,44.9937,,,,,
C2Ta2,aflow:0dab6d6d1deeaaca,aflowlib.duke.edu:AFLOWDATA/LIB2_WEB/CTa_pv/448,225,cF8,"['C', 'Ta']","[0, 0, 0, 0]",,,,-0.583808,4,44.9995,,,,,
C2Ta2,aflow:1ffc07a11d537f03,aflowlib.duke.edu:AFLOWDATA/LIB2_WEB/CTa_pv/77,225,cF8,"['C', 'Ta']","[0, 0, 0, 0]",,,,-0.584109,4,45.0213,,,,,
C2Ta2,aflow:5354cc0ad290ebc9,aflowlib.duke.edu:AFLOWDATA/LIB2_WEB/CTa_pv/119,225,cF8,"['C', 'Ta']","[0, 0, 0, 0]",,,,-0.582902,4,45.0151,,,,,
C2Ta2,aflow:b0e922735c83c72b,aflowlib.duke.edu:AFLOWDATA/LIB2_WEB/CTa_pv/197,225,cF8,"['C', 'Ta']","[0, 0, 0, 0]",,,,-0.58838,4,45.0164,,,,,
C2Ta2,aflow:bb892469ce386a0d,aflowlib.duke.edu:AFLOWDATA/LIB2_WEB/CTa_pv/74,225,cF8,"['C', 'Ta']","[0, 0, 0, 0]",,,,-0.582815,4,45.0417,,,,,
C2Ta2,aflow:f51a0b81c710ac46,aflowlib.duke.edu:AFLOWDATA/LIB2_WEB/CTa_pv/20,225,cF8,"['C', 'Ta']","[0, 0, 0, 0]",,,,-0.582712,4,45.0263,,,,,
C2Ti2,aflow:2982dddbcd2c49f7,aflowlib.duke.edu:AFLOWDATA/LIB2_WEB/CTi_sv/20,225,cF8,"['C', 'Ti']","[0, 0, 0, 0]",,,,-0.818171,4,40.8089,,,,,
C2Ti2,aflow:32264dc2b6024293,aflowlib.duke.edu:AFLOWDATA/LIB2_WEB/CTi_sv/74,225,cF8,"['C', 'Ti']","[0, 0, 0, 0]",,,,-0.817975,4,40.8112,,,,,
C2Ti2,aflow:66d67289b490dc0d,aflowlib.duke.edu:AFLOWDATA/LIB2_WEB/CTi_sv/119,225,cF8,"['C', 'Ti']","[0, 0, 0, 0]",,,,-0.817984,4,40.8114,,,,,
C2Ti2,aflow:7da4b6fd20a0bf97,aflowlib.duke.edu:AFLOWDATA/LIB2_WEB/CTi_sv/14,225,cF8,"['C', 'Ti']","[0, 0, 0, 0]",,,,-0.816734,4,40.8078,,,,,
C2Ti2,aflow:901ebbe43f826f44,aflowlib.duke.edu:AFLOWDATA/LIB2_WEB/CTi_sv/197,225,cF8,"['C', 'Ti']","[0, 0, 0, 0]",,,,-0.821028,4,40.8026,,,,,
C2Ti2,aflow:a88d6615efa509d6,aflowlib.duke.edu:AFLOWDATA/LIB2_WEB/CTi_sv/71,225,cF8,"['C', 'Ti']","[0, 0, 0, 0]",,,,-0.820968,4,40.7976,,,,,
C2Ti2,aflow:da72b3bb0563baf4,aflowlib.duke.edu:AFLOWDATA/LIB2_WEB/CTi_sv/77,225,cF8,"['C', 'Ti']","[0, 0, 0, 0]",,,,-0.818819,4,40.8105,,,,,
C2Ti2,aflow:e3f4b39b8bf25027,aflowlib.duke.edu:AFLOWDATA/LIB2_WEB/CTi_sv/447,225,cF8,"['C', 'Ti']","[0, 0, 0, 0]",,,,-0.818985,4,40.8081,,,,,
C2Ti2,aflow:e44e74bc3018f887,aflowlib.duke.edu:AFLOWDATA/LIB2_WEB/CTi_sv/448,225,cF8,"['C', 'Ti']","[0, 0, 0, 0]",,,,-0.818986,4,40.8139,,,,,
C2Ti2,aflow:f658528958f9b1a3,aflowlib.duke.edu:AFLOWDATA/LIB2_WEB/CTi_sv/196,225,cF8,"['C', 'Ti']","[0, 0, 0, 0]",,,,-0.821031,4,40.8029,,,,,
C2Tl2,aflow:1c15065436751a11,aflowlib.duke.edu:AFLOWDATA/LIB2_WEB/CTl_d/119,225,cF8,"['C', 'Tl']","[0, 0, 0, 0]",,,,2.10479,4,63.9311,,,,,
C2Tl2,aflow:3b0798118253759c,aflowlib.duke.edu:AFLOWDATA/LIB2_WEB/CTl_d/77,225,cF8,"['C', 'Tl']","[0, 0, 0, 0]",,,,2.10351,4,63.9015,,,,,
C2Tl2,aflow:7be4d975b7aaed35,aflowlib.duke.edu:AFLOWDATA/LIB2_WEB/CTl_d/20,225,cF8,"['C', 'Tl']","[0, 0, 0, 0]",,,,2.10329,4,63.9059,,,,,
C2Tl2,aflow:e28c39fb8b8b8bdc,aflowlib.duke.edu:AFLOWDATA/LIB2_WEB/CTl_d/448,225,cF8,"['C', 'Tl']","[0, 0, 0, 0]",,,,2.10403,4,63.8748,,,,,
C2V2,aflow:39f5f3311dd949b2,aflowlib.duke.edu:AFLOWDATA/LIB2_WEB/CV_sv/448,225,cF8,"['C', 'V']","[0, 0, 0, 0]",,,,-0.41763,4,36.0899,,,,,
C2V2,aflow:69b7ceb04abf1579,aflowlib.duke.edu:AFLOWDATA/LIB2_WEB/CV_sv/77,225,cF8,"['C', 'V']","[0, 0, 0, 0]",,,,-0.417072,4,36.0963,,,,,
C2V2,aflow:86c5d20d9ef2fd3c,aflowlib.duke.edu:AFLOWDATA/LIB2_WEB/CV_sv/71,225,cF8,"['C', 'V']","[0, 0, 0, 0]",,,,-0.420524,4,36.0891,,,,,
C2V2,aflow:93b627b29585bea4,aflowlib.duke.edu:AFLOWDATA/LIB2_WEB/CV_sv/74,225,cF8,"['C', 'V']","[0, 0, 0, 0]",,,,-0.418118,4,36.0909,,,,,
C2V2,aflow:b7d794d42f923521,aflowlib.duke.edu:AFLOWDATA/LIB2_WEB/CV_sv/20,225,cF8,"['C', 'V']","[0, 0, 0, 0]",,,,-0.418503,4,36.0858,,,,,
C2V2,aflow:be6c8ef02e7ef704,aflowlib.duke.edu:AFLOWDATA/LIB2_WEB/CV_sv/197,225,cF8,"['C', 'V']","[0, 0, 0, 0]",,,,-0.420583,4,36.0853,,,,,
C2V2,aflow:db541650bb1cc506,aflowlib.duke.edu:AFLOWDATA/LIB2_WEB/CV_sv/119,225,cF8,"['C', 'V']","[0, 0, 0, 0]",,,,-0.418126,4,36.09,,,,,
C2V2,aflow:eca3a44e871d431c,aflowlib.duke.edu:AFLOWDATA/LIB2_WEB/CV_sv/14,225,cF8,"['C', 'V']","[0, 0, 0, 0]",,,,-0.418952,4,36.0893,,,,,
C2V2,aflow:f6462c506056a403,aflowlib.duke.edu:AFLOWDATA/LIB2_WEB/CV_sv/196,225,cF8,"['C', 'V']","[0, 0, 0, 0]",,,,-0.420584,4,36.0845,,,,,
C2Y2,aflow:1e6f94fea052598a,aflowlib.duke.edu:AFLOWDATA/LIB2_WEB/CY_sv/71,225,cF8,"['C', 'Y']","[0, 0, 0, 0]",,,,0.0401805,4,66.1036,,,,,
C2Y2,aflow:3cd0b9c5fb8ce296,aflowlib.duke.edu:AFLOWDATA/LIB2_WEB/CY_sv/197,225,cF8,"['C', 'Y']","[0, 0, 0, 0]",,,,0.0401498,4,66.1138,,,,,
C2Y2,aflow:41f5994207bb8719,aflowlib.duke.edu:AFLOWDATA/LIB2_WEB/CY_sv/447,225,cF8,"['C', 'Y']","[0, 0, 0, 0]",,,,0.0362175,4,66.0941,,,,,
C2Y2,aflow:5b197ac523249646,aflowlib.duke.edu:AFLOWDATA/LIB2_WEB/CY_sv/74,225,cF8,"['C', 'Y']","[0, 0, 0, 0]",,,,0.0391723,4,66.0992,,,,,
C2Y2,aflow:bb2aa24d77261e7c,aflowlib.duke.edu:AFLOWDATA/LIB2_WEB/CY_sv/20,225,cF8,"['C', 'Y']","[0, 0, 0, 0]",,,,0.0360155,4,66.1066,,,,,
C2Y2,aflow:bd72e5000f7c1a0c,aflowlib.duke.edu:AFLOWDATA/LIB2_WEB/CY_sv/14,225,cF8,"['C', 'Y']","[0, 0, 0, 0]",,,,0.0404765,4,66.0865,,,,,
C2Y2,aflow:c7e1c9d53295ffe6,aflowlib.duke.edu:AFLOWDATA/LIB2_WEB/CY_sv/77,225,cF8,"['C', 'Y']","[0, 0, 0, 0]",,,,0.0356597,4,66.0861,,,,,
C2Y2,aflow:ceae281786f7eddf,aflowlib.duke.edu:AFLOWDATA/LIB2_WEB/CY_sv/196,225,cF8,"['C', 'Y']","[0, 0, 0, 0]",,,,0.0401568,4,66.1111,,,,,
C2Y2,aflow:dd5340aa947070cd,aflowlib.duke.edu:AFLOWDATA/LIB2_WEB/CY_sv/448,225,cF8,"['C', 'Y']","[0, 0, 0, 0]",,,,0.036217,4,66.0966,,,,,
C2Y2,aflow:f0a653ec42f26286,aflowlib.duke.edu:AFLOWDATA/LIB2_WEB/CY_sv/119,225,cF8,"['C', 'Y']","[0, 0, 0, 0]",,,,0.0390928,4,66.0833,,,,,
C2Zn2,aflow:0590fc8afc5703a2,aflowlib.duke.edu:AFLOWDATA/LIB2_WEB/CZn/448,225,cF8,"['C', 'Zn']","[0, 0, 0, 0]",,,,1.64651,4,42.5985,,,,,
C2Zn2,aflow:577f82edb1c99635,aflowlib.duke.edu:AFLOWDATA/LIB2_WEB/CZn/447,225,cF8,"['C', 'Zn']","[0, 0, 0, 0]",,,,1.64651,4,42.6054,,,,,
C2Zn2,aflow:5a2a8b0c08d58021,aflowlib.duke.edu:AFLOWDATA/LIB2_WEB/CZn/14,225,cF8,"['C', 'Zn']","[0, 0, 0, 0]",,,,1.65156,4,42.6434,,,,,
C2Zr2,aflow:57ff0c07a3703efc,aflowlib.duke.edu:AFLOWDATA/LIB2_WEB/CZr_sv/196,225,cF8,"['C', 'Zr']","[0, 0, 0, 0]",,,,-0.815152,4,52.6963,,,,,
C2Zr2,aflow:6665dfb5751c71f7,aflowlib.duke.edu:AFLOWDATA/LIB2_WEB/CZr_sv/447,225,cF8,"['C', 'Zr']","[0, 0, 0, 0]",,,,-0.812525,4,52.6843,,,,,
C2Zr2,aflow:6f2f72c7f51c5134,aflowlib.duke.edu:AFLOWDATA/LIB2_WEB/CZr_sv/20,225,cF8,"['C', 'Zr']","[0, 0, 0, 0]",,,,-0.813384,4,52.6805,,,,,
C2Zr2,aflow:a46ac1e8c6e16ef8,aflowlib.duke.edu:AFLOWDATA/LIB2_WEB/CZr_sv/71,225,cF8,"['C', 'Zr']","[0, 0, 0, 0]",,,,-0.814941,4,52.9012,,,,,
C2Zr2,aflow:b334c65577be902c,aflowlib.duke.edu:AFLOWDATA/LIB2_WEB/CZr_sv/197,225,cF8,"['C', 'Zr']","[0, 0, 0, 0]",,,,-0.815202,4,52.6843,,,,,
C2Zr2,aflow:cf7e5bd2764f210c,aflowlib.duke.edu:AFLOWDATA/LIB2_WEB/CZr_sv/119,225,cF8,"['C', 'Zr']","[0, 0, 0, 0]",,,,-0.812211,4,52.6799,,,,,
C2Zr2,aflow:e07145e137ede25a,aflowlib.duke.edu:AFLOWDATA/LIB2_WEB/CZr_sv/77,225,cF8,"['C', 'Zr']","[0, 0, 0, 0]",,,,-0.813144,4,52.733,,,,,
C2Zr2,aflow:ead912e5a1dcbe8a,aflowlib.duke.edu:AFLOWDATA/LIB2_WEB/CZr_sv/14,225,cF8,"['C', 'Zr']","[0, 0, 0, 0]",,,,-0.81068,4,52.7503,,,,,
C2Zr2,aflow:f5fefe7d8e9c0aac,aflowlib.duke.edu:AFLOWDATA/LIB2_WEB/CZr_sv/448,225,cF8,"['C', 'Zr']","[0, 0, 0, 0]",,,,-0.812848,4,52.6827,,,,,
C2Zr2,aflow:fde18dc823cf2b4e,aflowlib.duke.edu:AFLOWDATA/LIB2_WEB/CZr_sv/74,225,cF8,"['C', 'Zr']","[0, 0, 0, 0]",,,,-0.811887,4,52.7751,,,,,
C3Ga3,aflow:264658e647dcbd8b,aflowlib.duke.edu:AFLOWDATA/LIB2_WEB/CGa_h/136,225,cF8,"['C', 'Ga']","[0, 0, 0, 0, 0, 0]",,,,1.21361,6,63.4862,,,,,
C3Hf3,aflow:4dc630362196c80b,aflowlib.duke.edu:AFLOWDATA/LIB2_WEB/CHf_pv/136,225,cF8,"['C', 'Hf']","[0, 0, 0, 0, 0, 0]",,,,-0.945232,6,75.4492,,,,,
C3K3,aflow:39b23367f95e21da,aflowlib.duke.edu:AFLOWDATA/LIB2_WEB/CK_sv/136,225,cF8,"['C', 'K']","[1.219, 1.219, 1.219, 0.066, 0.066, 0.066]",,,,2.30597,6,176.95,,,,,
C3Nb3,aflow:add3c9ae1ab32d90,aflowlib.duke.edu:AFLOWDATA/LIB2_WEB/CNb_sv/136,225,cF8,"['C', 'Nb']","[0, 0, 0, 0, 0, 0]",,,,-0.548735,6,67.5965,,,,,
C3Rb3,aflow:a6968d6c87126e41,aflowlib.duke.edu:AFLOWDATA/LIB2_WEB/CRb_sv/136,225,cF8,"['C', 'Rb']","[1.208, 1.208, 1.208, 0.074, 0.074, 0.074]",,,,2.30424,6,204.183,,,,,
C3Sc3,aflow:23af3adaaa67d862,aflowlib.duke.edu:AFLOWDATA/LIB2_WEB/CSc_sv/136,225,cF8,"['C', 'Sc']","[0, 0, 0, 0, 0, 0]",,,,-0.136684,6,77.2345,,,,,
C3Sn3,aflow:048889c9e544f5b0,aflowlib.duke.edu:AFLOWDATA/LIB2_WEB/CSn/136,225,cF8,"['C', 'Sn']","[0, 0, 0, 0, 0, 0]",,,,1.25486,6,82.5711,,,,,
C3Ta3,aflow:2945df5489ef8baf,aflowlib.duke.edu:AFLOWDATA/LIB2_WEB/CTa_pv/136,225,cF8,"['C', 'Ta']","[0, 0, 0, 0, 0, 0]",,,,-0.588928,6,67.5039,,,,,
C3Ti3,aflow:07cac2b048f894da,aflowlib.duke.edu:AFLOWDATA/LIB2_WEB/CTi_sv/136,225,cF8,"['C', 'Ti']","[0, 0, 0, 0, 0, 0]",,,,-0.816932,6,61.2147,,,,,
C3V3,aflow:eaf58de4617a73aa,aflowlib.duke.edu:AFLOWDATA/LIB2_WEB/CV_sv/136,225,cF8,"['C', 'V']","[0, 0, 0, 0, 0, 0]",,,,-0.418818,6,54.1328,,,,,
C3Y3,aflow:316b947840d56d84,aflowlib.duke.edu:AFLOWDATA/LIB2_WEB/CY_sv/136,225,cF8,"['C', 'Y']","[0, 0, 0, 0, 0, 0]",,,,0.0396632,6,99.1611,,,,,
C3Zr3,aflow:e3eaf97941cd6d4e,aflowlib.duke.edu:AFLOWDATA/LIB2_WEB/CZr_sv/136,225,cF8,"['C', 'Zr']","[0, 0, 0, 0, 0, 0]",,,,-0.810632,6,79.078,,,,,
C4Cu4,aflow:06e47ca06f3b4486,aflowlib.duke.edu:AFLOWDATA/LIB2_WEB/CCu_pv/195,225,cF8,"['C', 'Cu']","[0, 0, 0, 0, 0, 0, 0, 0]",,,,1.70193,8,74.9985,,,,,
C4Hf4,aflow:9c2a810cc0fd9a26,aflowlib.duke.edu:AFLOWDATA/LIB2_WEB/CHf_pv/256,225,cF8,"['C', 'Hf']","[0, 0, 0, 0, 0, 0, 0, 0]",,,,-0.947651,8,100.559,,,,,
C4K4,aflow:23c91884ee41bec1,aflowlib.duke.edu:AFLOWDATA/LIB2_WEB/CK_sv/256,225,cF8,"['C', 'K']","[1.219, 1.219, 1.219, 1.219, 0.066, 0.066, 0.066, 0.066]",,,,2.30599,8,236.001,,,,,
C4Mg4,aflow:c4fe1a149e48f38c,aflowlib.duke.edu:AFLOWDATA/LIB2_WEB/CMg_pv/195,225,cF8,"['C', 'Mg']","[-0.116, -0.116, -0.116, -0.116, -0.005, -0.005, -0.005, -0.005]",,,,1.32546,8,98.8366,,,,,
C4Nb4,aflow:dc952582ffbb8259,aflowlib.duke.edu:AFLOWDATA/LIB2_WEB/CNb_sv/256,225,cF8,"['C', 'Nb']","[0, 0, 0, 0, 0, 0, 0, 0]",,,,-0.542754,8,90.0708,,,,,
C4Rb4,aflow:d268f19fce06e65d,aflowlib.duke.edu:AFLOWDATA/LIB2_WEB/CRb_sv/256,225,cF8,"['C', 'Rb']","[1.208, 1.208, 1.208, 1.208, 0.075, 0.075, 0.075, 0.075]",,,,2.30427,8,272.058,,,,,
C4Sc4,aflow:fd5c5403ef4e4a93,aflowlib.duke.edu:AFLOWDATA/LIB2_WEB/CSc_sv/256,225,cF8,"['C', 'Sc']","[0, 0, 0, 0, 0, 0, 0, 0]",,,,-0.140642,8,102.9,,,,,
C4Si4,aflow:319f5cc871cdde67,aflowlib.duke.edu:AFLOWDATA/LIB2_WEB/CSi/195,225,cF8,"['C', 'Si']","[0, 0, 0, 0, 0, 0, 0, 0]",,,,0.534996,8,66.629,,,,,
C4Ta4,aflow:e8311f34901609fe,aflowlib.duke.edu:AFLOWDATA/LIB2_WEB/CTa_pv/256,225,cF8,"['C', 'Ta']","[0, 0, 0, 0, 0, 0, 0, 0]",,,,-0.581093,8,89.9837,,,,,
C4Ti4,aflow:7d10363a8ae5686b,aflowlib.duke.edu:AFLOWDATA/LIB2_WEB/CTi_sv/195,225,cF8,"['C', 'Ti']","[0, 0, 0, 0, 0, 0, 0, 0]",,,,-0.818735,8,81.6167,,,,,
C4Ti4,aflow:f614a00eb911e953,aflowlib.duke.edu:AFLOWDATA/LIB2_WEB/CTi_sv/256,225,cF8,"['C', 'Ti']","[0, 0, 0, 0, 0, 0, 0, 0]",,,,-0.818779,8,81.6156,,,,,
C4V4,aflow:82360f459e61253c,aflowlib.duke.edu:AFLOWDATA/LIB2_WEB/CV_sv/256,225,cF8,"['C', 'V']","[0, 0, 0, 0, 0, 0, 0, 0]",,,,-0.418783,8,72.1618,,,,,
C4Y4,aflow:b8bb8f2e6d537290,aflowlib.duke.edu:AFLOWDATA/LIB2_WEB/CY_sv/256,225,cF8,"['C', 'Y']","[0, 0, 0, 0, 0, 0, 0, 0]",,,,0.0373582,8,132.172,,,,,
C4Y4,aflow:df32e24f6421a3aa,aflowlib.duke.edu:AFLOWDATA/LIB2_WEB/CY_sv/195,225,cF8,"['C', 'Y']","[0, 0, 0, 0, 0, 0, 0, 0]",,,,0.0397724,8,132.198,,,,,
C4Zr4,aflow:318ab546041231b8,aflowlib.duke.edu:AFLOWDATA/LIB2_WEB/CZr_sv/195,225,cF8,"['C', 'Zr']","[0, 0, 0, 0, 0, 0, 0, 0]",,,,-0.812778,8,105.471,,,,,
C4Zr4,aflow:6a86662056223701,aflowlib.duke.edu:AFLOWDATA/LIB2_WEB/CZr_sv/4,225,cF8,"['C', 'Zr']","[0, 0, 0, 0, 0, 0, 0, 0]",,,,-0.812776,8,105.413,,,,,
C4Zr4,aflow:c1d98b81a61a0070,aflowlib.duke.edu:AFLOWDATA/LIB2_WEB/CZr_sv/256,225,cF8,"['C', 'Zr']","[0, 0, 0, 0, 0, 0, 0, 0]",,,,-0.812574,8,105.469,,,,,
C8Cr8,aflow:e83abaf44bac1aa0,aflowlib.duke.edu:AFLOWDATA/LIB2_WEB/CCr_pv/AB_cF64_227_cd_e-001.AB,225,cF8,"['C', 'Cr']","[-0.115, -0.115, -0.115, -0.115, -0.115, -0.115, -0.115, -0.115, 1.364, 1.364, 1.364, 1.364, 1.364, 1.364, 1.364, 1.364]",,,,0.158124,16,138.125,,,,,
C8Hf8,aflow:3158d4e95d222094,aflowlib.duke.edu:AFLOWDATA/LIB2_WEB/CHf_pv/AB_cF64_227_cd_e-001.AB,225,cF8,"['C', 'Hf']","[0, 0, 0, 0, 0, 0, 0, 0, 0, 0, 0, 0, 0, 0, 0, 0]",,,,-0.946631,16,201.135,,,,,
C8Mn8,aflow:5a6d104b3953086b,aflowlib.duke.edu:AFLOWDATA/LIB2_WEB/CMn_pv/AB_cF64_227_cd_e-001.AB,225,cF8,"['C', 'Mn']","[-0.139, -0.139, -0.139, -0.139, -0.139, -0.139, -0.139, -0.139, 2.012, 2.012, 2.012, 2.012, 2.012, 2.012, 2.012, 2.012]",,,,0.309436,16,135.783,,,,,
C8Mo8,aflow:f69e3fdd18342b74,aflowlib.duke.edu:AFLOWDATA/LIB2_WEB/CMo_pv/AB_cF64_227_cd_e-001.AB,225,cF8,"['C', 'Mo']","[0, 0, 0, 0, 0, 0, 0, 0, 0, 0, 0, 0, 0, 0, 0, 0]",,,,0.213787,16,168.402,,,,,
C8Nb8,aflow:febb68e476b77e4d,aflowlib.duke.edu:AFLOWDATA/LIB2_WEB/CNb_sv/AB_cF64_227_cd_e-001.AB,225,cF8,"['C', 'Nb']","[0, 0, 0, 0, 0, 0, 0, 0, 0, 0, 0, 0, 0, 0, 0]",,,,-0.544768,16,180.403,,,,,
C8Sc8,aflow:403d76d901c46939,aflowlib.duke.edu:AFLOWDATA/LIB2_WEB/CSc_sv/AB_cF64_227_cd_e-001.AB,225,cF8,"['C', 'Sc']","[0, 0, 0, 0, 0, 0, 0, 0, 0, 0, 0, 0, 0, 0, 0]",,,,-0.142041,16,205.805,,,,,
C8Ta8,aflow:d9d906b440b97660,aflowlib.duke.edu:AFLOWDATA/LIB2_WEB/CTa_pv/AB_cF64_227_cd_e-001.AB,225,cF8,"['C', 'Ta']","[0, 0, 0, 0, 0, 0, 0, 0, 0, 0, 0, 0, 0, 0, 0, 0]",,,,-0.586216,16,179.952,,,,,
C8Ti8,aflow:2246c9919e854e15,aflowlib.duke.edu:AFLOWDATA/LIB2_WEB/CTi_sv/ICSD_618950.AB,225,cF8,"['C', 'Ti']","[0, 0, 0, 0, 0, 0, 0, 0, 0, 0, 0, 0, 0, 0, 0, 0]",,,,-0.818546,16,163.233,,,,,
C8Ti8,aflow:9ae6f8178d99d037,aflowlib.duke.edu:AFLOWDATA/ICSD_WEB/FCC/C1Ti1_ICSD_618950,225,cF8,"['C', 'Ti']","[0, 0]",0.0,,,,16,170.733,,,,,
C8W8,aflow:533a769bbd0500b1,aflowlib.duke.edu:AFLOWDATA/LIB2_WEB/CW_pv/AB_cF64_227_cd_e-001.AB,225,cF8,"['C', 'W']","[0, 0, 0, 0, 0, 0, 0, 0, 0, 0, 0, 0, 0, 0, 0, 0]",,,,0.323987,16,169.27,,,,,
C8Y8,aflow:87862b4655986107,aflowlib.duke.edu:AFLOWDATA/LIB2_WEB/CY_sv/AB_cF64_227_cd_e-001.AB,225,cF8,"['C', 'Y']","[0, 0, 0, 0, 0, 0, 0, 0, 0, 0, 0, 0, 0, 0, 0]",,,,0.0367497,16,264.445,,,,,
C8Zr8,aflow:ed13bcd87f99c01a,aflowlib.duke.edu:AFLOWDATA/LIB2_WEB/CZr_sv/AB_cF64_227_cd_e-001.AB,225,cF8,"['C', 'Zr']","[0, 0, 0, 0, 0, 0, 0, 0, 0, 0, 0, 0, 0, 0, 0]",,,,-0.812065,16,210.793,,,,,
